$date
	Sat Sep 05 10:23:00 2026
$end
$version
	Icarus Verilog
$end
$timescale
	1ps
$end
$scope module aFifo_TB $end
$var wire 1 ! Full_out $end
$var wire 1 " Empty_out $end
$var wire 8 # Data_out [7:0] $end
$var parameter 32 $ ADDRESS_WIDTH $end
$var parameter 32 % DATA_WIDTH $end
$var parameter 36 & FIFO_DEPTH $end
$var reg 1 ' Clear_in $end
$var reg 8 ( Data_in [7:0] $end
$var reg 1 ) RClk $end
$var reg 1 * ReadEn_in $end
$var reg 1 + WClk $end
$var reg 1 , WriteEn_in $end
$var real 1 - RHalf $end
$var real 1 . WHalf $end
$var integer 32 / errors [31:0] $end
$var integer 32 0 rd_idx [31:0] $end
$var integer 32 1 reads_ok [31:0] $end
$var integer 32 2 wr_idx [31:0] $end
$var integer 32 3 writes_ok [31:0] $end
$scope module DUT $end
$var wire 1 ' Clear_in $end
$var wire 8 4 Data_in [7:0] $end
$var wire 1 5 NextReadAddressEn $end
$var wire 1 6 NextWriteAddressEn $end
$var wire 1 ) RClk $end
$var wire 1 * ReadEn_in $end
$var wire 1 + WClk $end
$var wire 1 , WriteEn_in $end
$var wire 5 7 wGrayPtr_rSync [4:0] $end
$var wire 5 8 wGrayPtr [4:0] $end
$var wire 5 9 wGrayNext [4:0] $end
$var wire 5 : wBinPtr [4:0] $end
$var wire 5 ; wBinNext [4:0] $end
$var wire 5 < rGrayPtr_wSync [4:0] $end
$var wire 5 = rGrayPtr [4:0] $end
$var wire 5 > rGrayNext [4:0] $end
$var wire 5 ? rBinPtr [4:0] $end
$var wire 5 @ rBinNext [4:0] $end
$var wire 1 A FullNext $end
$var wire 1 B EmptyNext $end
$var parameter 32 C ADDRESS_WIDTH $end
$var parameter 32 D DATA_WIDTH $end
$var parameter 36 E FIFO_DEPTH $end
$var parameter 33 F PTR_WIDTH $end
$var reg 8 G Data_out [7:0] $end
$var reg 1 " Empty_out $end
$var reg 1 ! Full_out $end
$scope module GrayCounter_pRd $end
$var wire 5 H BinaryNext_out [4:0] $end
$var wire 1 ' Clear_in $end
$var wire 1 5 Enable_in $end
$var wire 5 I GrayNext_out [4:0] $end
$var wire 1 ) clk $end
$var wire 5 J BinaryNext [4:0] $end
$var parameter 33 K COUNTER_WIDTH $end
$var reg 5 L BinaryCount_out [4:0] $end
$var reg 5 M GrayCount_out [4:0] $end
$upscope $end
$scope module GrayCounter_pWr $end
$var wire 5 N BinaryNext_out [4:0] $end
$var wire 1 ' Clear_in $end
$var wire 1 6 Enable_in $end
$var wire 5 O GrayNext_out [4:0] $end
$var wire 1 + clk $end
$var wire 5 P BinaryNext [4:0] $end
$var parameter 33 Q COUNTER_WIDTH $end
$var reg 5 R BinaryCount_out [4:0] $end
$var reg 5 S GrayCount_out [4:0] $end
$upscope $end
$scope module Sync_rPtr_to_WClk $end
$var wire 1 ' Clear_in $end
$var wire 5 T D_in [4:0] $end
$var wire 1 + clk $end
$var parameter 33 U SYNC_WIDTH $end
$var reg 5 V Q_meta [4:0] $end
$var reg 5 W Q_out [4:0] $end
$upscope $end
$scope module Sync_wPtr_to_RClk $end
$var wire 1 ' Clear_in $end
$var wire 5 X D_in [4:0] $end
$var wire 1 ) clk $end
$var parameter 33 Y SYNC_WIDTH $end
$var reg 5 Z Q_meta [4:0] $end
$var reg 5 [ Q_out [4:0] $end
$upscope $end
$upscope $end
$scope task do_reset $end
$upscope $end
$scope task test_concurrent $end
$var integer 32 \ n_ops [31:0] $end
$var integer 32 ] r0 [31:0] $end
$var real 1 ^ rper $end
$var integer 32 _ w0 [31:0] $end
$var real 1 ` wper $end
$upscope $end
$scope task test_fill_then_drain $end
$var integer 32 a r0 [31:0] $end
$var integer 32 b w0 [31:0] $end
$upscope $end
$upscope $end
$enddefinitions $end
$comment Show the parameter values. $end
$dumpall
b101 Y
b101 U
b101 Q
b101 K
b101 F
b10000 E
b1000 D
b100 C
b10000 &
b1000 %
b100 $
$end
#0
$dumpvars
bx b
bx a
r0 `
bx _
r0 ^
bx ]
bx \
bx [
bx Z
bx X
bx W
bx V
bx T
bx S
bx R
bx P
bx O
bx N
bx M
bx L
bx J
bx I
bx H
bx G
xB
xA
bx @
bx ?
bx >
bx =
bx <
bx ;
bx :
bx 9
bx 8
bx 7
06
05
b0 4
b0 3
b0 2
b0 1
b0 0
b0 /
r5 .
r6.5 -
0,
0+
0*
0)
b0 (
0'
bx #
x"
x!
$end
#5000
1+
#6500
1)
#10000
0+
#13000
1B
0A
b0 >
b0 I
b0 9
b0 O
1"
b0 7
b0 [
b0 Z
b0 =
b0 M
b0 T
b0 @
b0 H
b0 J
b0 ?
b0 L
0!
b0 <
b0 W
b0 V
b0 8
b0 S
b0 X
b0 ;
b0 N
b0 P
b0 :
b0 R
1'
0)
#15000
1+
#19500
1)
#20000
0+
#25000
1+
#26000
0)
#30000
0+
#32500
1)
#35000
1+
#39000
0)
#40000
0+
#45000
1+
#45500
1)
#50000
0+
#52000
0)
#55000
1+
#58500
1)
#60000
0+
#65000
1+
0)
#70000
0'
0+
#71500
1)
#75000
1+
#78000
0)
#80000
0+
#84500
1)
#85000
1+
#90000
0+
#91000
0)
#95000
1+
#97500
1)
#100000
0+
#104000
0)
#105000
1+
#110000
0+
#110500
1)
#115000
1+
#117000
0)
#120000
b1 9
b1 O
b1 ;
b1 N
b1 P
16
1,
0+
b0 a
b0 b
#123500
1)
#125000
b11 9
b11 O
b1 8
b1 S
b1 X
b10 ;
b10 N
b10 P
b1 :
b1 R
b1 (
b1 4
b1 3
b1 2
1+
#130000
0+
0)
#135000
b10 9
b10 O
b11 8
b11 S
b11 X
b11 ;
b11 N
b11 P
b10 :
b10 R
b10 (
b10 4
b10 3
b10 2
1+
#136500
b11 Z
1)
#140000
0+
#143000
0)
#145000
b110 9
b110 O
b10 8
b10 S
b10 X
b100 ;
b100 N
b100 P
b11 :
b11 R
b11 (
b11 4
b11 3
b11 2
1+
#149500
0B
b11 7
b11 [
b10 Z
1)
#150000
0+
#155000
b111 9
b111 O
b110 8
b110 S
b110 X
b101 ;
b101 N
b101 P
b100 :
b100 R
b100 (
b100 4
b100 3
b100 2
1+
#156000
0)
#160000
0+
#162500
0"
b10 7
b10 [
b110 Z
1)
#165000
b101 9
b101 O
b111 8
b111 S
b111 X
b110 ;
b110 N
b110 P
b101 :
b101 R
b101 (
b101 4
b101 3
b101 2
1+
#169000
0)
#170000
0+
#175000
b100 9
b100 O
b101 8
b101 S
b101 X
b111 ;
b111 N
b111 P
b110 :
b110 R
b110 (
b110 4
b110 3
b110 2
1+
#175500
b110 7
b110 [
b101 Z
1)
#180000
0+
#182000
0)
#185000
b1100 9
b1100 O
b100 8
b100 S
b100 X
b1000 ;
b1000 N
b1000 P
b111 :
b111 R
b111 (
b111 4
b111 3
b111 2
1+
#188500
b101 7
b101 [
b100 Z
1)
#190000
0+
#195000
b1101 9
b1101 O
b1100 8
b1100 S
b1100 X
b1001 ;
b1001 N
b1001 P
b1000 :
b1000 R
b1000 (
b1000 4
b1000 3
b1000 2
1+
0)
#200000
0+
#201500
b100 7
b100 [
b1100 Z
1)
#205000
b1111 9
b1111 O
b1101 8
b1101 S
b1101 X
b1010 ;
b1010 N
b1010 P
b1001 :
b1001 R
b1001 (
b1001 4
b1001 3
b1001 2
1+
#208000
0)
#210000
0+
#214500
b1100 7
b1100 [
b1101 Z
1)
#215000
b1110 9
b1110 O
b1111 8
b1111 S
b1111 X
b1011 ;
b1011 N
b1011 P
b1010 :
b1010 R
b1010 (
b1010 4
b1010 3
b1010 2
1+
#220000
0+
#221000
0)
#225000
b1010 9
b1010 O
b1110 8
b1110 S
b1110 X
b1100 ;
b1100 N
b1100 P
b1011 :
b1011 R
b1011 (
b1011 4
b1011 3
b1011 2
1+
#227500
b1101 7
b1101 [
b1110 Z
1)
#230000
0+
#234000
0)
#235000
b1011 9
b1011 O
b1010 8
b1010 S
b1010 X
b1101 ;
b1101 N
b1101 P
b1100 :
b1100 R
b1100 (
b1100 4
b1100 3
b1100 2
1+
#240000
0+
#240500
b1110 7
b1110 [
b1010 Z
1)
#245000
b1001 9
b1001 O
b1011 8
b1011 S
b1011 X
b1110 ;
b1110 N
b1110 P
b1101 :
b1101 R
b1101 (
b1101 4
b1101 3
b1101 2
1+
#247000
0)
#250000
0+
#253500
b1010 7
b1010 [
b1011 Z
1)
#255000
b1000 9
b1000 O
b1001 8
b1001 S
b1001 X
b1111 ;
b1111 N
b1111 P
b1110 :
b1110 R
b1110 (
b1110 4
b1110 3
b1110 2
1+
#260000
0+
0)
#265000
1A
b11000 9
b11000 O
b1000 8
b1000 S
b1000 X
b10000 ;
b10000 N
b10000 P
b1111 :
b1111 R
b1111 (
b1111 4
b1111 3
b1111 2
1+
#266500
b1011 7
b1011 [
b1000 Z
1)
#270000
0+
#273000
0)
#275000
06
1A
b11000 9
b11000 O
b11000 8
b11000 S
b11000 X
b10000 ;
b10000 N
b10000 P
b10000 :
b10000 R
1!
b10000 (
b10000 4
b10000 3
b10000 2
1+
#279500
b1000 7
b1000 [
b11000 Z
1)
#280000
0,
0+
#285000
1+
#286000
0)
#290000
0+
#292500
b11000 7
b11000 [
1)
#295000
1+
#299000
0)
#300000
0+
#305000
1+
#305500
1)
#310000
0+
#312000
0)
#315000
1+
#318500
1)
#320000
0+
#325000
1+
0)
#330000
0+
#331500
1)
#335000
1+
#338000
0)
#340000
0+
#344500
1)
#345000
1+
#350000
0+
#351000
0)
#355000
1+
#357500
1)
#360000
0+
#364000
0)
#365000
1+
#370000
0+
#370500
1)
#375000
1+
#377000
0)
#380000
0+
#383500
1)
#385000
1+
#390000
b1 >
b1 I
b1 @
b1 H
b1 J
15
1*
0+
0)
#395000
1+
#396500
b11 >
b11 I
b1 =
b1 M
b1 T
b10 @
b10 H
b10 J
b1 ?
b1 L
b0 #
b0 G
1)
#397000
b1 0
b1 1
#400000
0+
#403000
0)
#405000
b1 V
1+
#409500
b10 >
b10 I
b11 =
b11 M
b11 T
b11 @
b11 H
b11 J
b10 ?
b10 L
b1 #
b1 G
1)
#410000
b10 0
b10 1
0+
#415000
0A
b1 <
b1 W
b11 V
1+
#416000
0)
#420000
0+
#422500
b110 >
b110 I
b10 =
b10 M
b10 T
b100 @
b100 H
b100 J
b11 ?
b11 L
b10 #
b10 G
1)
#423000
b11 0
b11 1
#425000
0!
b11 <
b11 W
b10 V
1+
#429000
0)
#430000
0+
#435000
b10 <
b10 W
1+
#435500
b111 >
b111 I
b110 =
b110 M
b110 T
b101 @
b101 H
b101 J
b100 ?
b100 L
b11 #
b11 G
1)
#436000
b100 0
b100 1
#440000
0+
#442000
0)
#445000
b110 V
1+
#448500
b101 >
b101 I
b111 =
b111 M
b111 T
b110 @
b110 H
b110 J
b101 ?
b101 L
b100 #
b100 G
1)
#449000
b101 0
b101 1
#450000
0+
#455000
b110 <
b110 W
b111 V
1+
0)
#460000
0+
#461500
b100 >
b100 I
b101 =
b101 M
b101 T
b111 @
b111 H
b111 J
b110 ?
b110 L
b101 #
b101 G
1)
#462000
b110 0
b110 1
#465000
b111 <
b111 W
b101 V
1+
#468000
0)
#470000
0+
#474500
b1100 >
b1100 I
b100 =
b100 M
b100 T
b1000 @
b1000 H
b1000 J
b111 ?
b111 L
b110 #
b110 G
1)
#475000
b101 <
b101 W
b100 V
b111 0
b111 1
1+
#480000
0+
#481000
0)
#485000
b100 <
b100 W
1+
#487500
b1101 >
b1101 I
b1100 =
b1100 M
b1100 T
b1001 @
b1001 H
b1001 J
b1000 ?
b1000 L
b111 #
b111 G
1)
#488000
b1000 0
b1000 1
#490000
0+
#494000
0)
#495000
b1100 V
1+
#500000
0+
#500500
b1111 >
b1111 I
b1101 =
b1101 M
b1101 T
b1010 @
b1010 H
b1010 J
b1001 ?
b1001 L
b1000 #
b1000 G
1)
#501000
b1001 0
b1001 1
#505000
b1100 <
b1100 W
b1101 V
1+
#507000
0)
#510000
0+
#513500
b1110 >
b1110 I
b1111 =
b1111 M
b1111 T
b1011 @
b1011 H
b1011 J
b1010 ?
b1010 L
b1001 #
b1001 G
1)
#514000
b1010 0
b1010 1
#515000
b1101 <
b1101 W
b1111 V
1+
#520000
0+
0)
#525000
b1111 <
b1111 W
1+
#526500
b1010 >
b1010 I
b1110 =
b1110 M
b1110 T
b1100 @
b1100 H
b1100 J
b1011 ?
b1011 L
b1010 #
b1010 G
1)
#527000
b1011 0
b1011 1
#530000
0+
#533000
0)
#535000
b1110 V
1+
#539500
b1011 >
b1011 I
b1010 =
b1010 M
b1010 T
b1101 @
b1101 H
b1101 J
b1100 ?
b1100 L
b1011 #
b1011 G
1)
#540000
b1100 0
b1100 1
0+
#545000
b1110 <
b1110 W
b1010 V
1+
#546000
0)
#550000
0+
#552500
b1001 >
b1001 I
b1011 =
b1011 M
b1011 T
b1110 @
b1110 H
b1110 J
b1101 ?
b1101 L
b1100 #
b1100 G
1)
#553000
b1101 0
b1101 1
#555000
b1010 <
b1010 W
b1011 V
1+
#559000
0)
#560000
0+
#565000
b1011 <
b1011 W
1+
#565500
b1000 >
b1000 I
b1001 =
b1001 M
b1001 T
b1111 @
b1111 H
b1111 J
b1110 ?
b1110 L
b1101 #
b1101 G
1)
#566000
b1110 0
b1110 1
#570000
0+
#572000
0)
#575000
b1001 V
1+
#578500
1B
b11000 >
b11000 I
b1000 =
b1000 M
b1000 T
b10000 @
b10000 H
b10000 J
b1111 ?
b1111 L
b1110 #
b1110 G
1)
#579000
b1111 0
b1111 1
#580000
0+
#585000
b1001 <
b1001 W
b1000 V
1+
0)
#590000
0+
#591500
05
1B
b11000 >
b11000 I
b11000 =
b11000 M
b11000 T
b10000 @
b10000 H
b10000 J
b10000 ?
b10000 L
1"
b1111 #
b1111 G
1)
#592000
b10000 0
b10000 1
#595000
b1000 <
b1000 W
b11000 V
1+
#598000
0*
0)
#600000
0+
#604500
1)
#605000
b11000 <
b11000 W
1+
#610000
0+
#611000
0)
#615000
1+
#617500
1)
#620000
0+
#624000
0)
#625000
1+
#630000
0+
#630500
1)
#635000
1+
#637000
0)
#640000
0+
#643500
1)
#645000
1+
#650000
0+
0)
#655000
1+
#656500
1)
#660000
0+
#663000
0)
#665000
1+
#669500
1)
#670000
0+
#675000
1+
#676000
0)
#680000
0+
#682500
1)
#685000
1+
#689000
0)
#690000
0+
#695000
1+
#695500
1)
#700000
0+
#702000
0A
b0 >
b0 I
b0 9
b0 O
1B
b0 7
b0 [
b0 Z
b0 =
b0 M
b0 T
b0 @
b0 H
b0 J
b0 ?
b0 L
b0 <
b0 W
b0 V
b0 8
b0 S
b0 X
b0 ;
b0 N
b0 P
b0 :
b0 R
1'
0)
#705000
1+
#708500
1)
#710000
0+
#715000
1+
0)
#720000
0+
#721500
1)
#725000
1+
#728000
0)
#730000
0+
#734500
1)
#735000
1+
#740000
0+
#741000
0)
#745000
1+
#747500
1)
#750000
0+
#754000
0)
#755000
1+
#760000
b0 0
b0 2
0'
0+
#760500
1)
#765000
1+
#767000
0)
#770000
0+
#773500
1)
#775000
1+
#780000
0+
0)
#785000
1+
#786500
1)
#790000
0+
#793000
0)
#795000
1+
#799500
1)
#800000
0+
#805000
1+
#806000
0)
#810000
b1 9
b1 O
b1 ;
b1 N
b1 P
16
1,
0+
b10000 ]
b10000 _
b11001000 \
r13 ^
r10 `
#812500
1)
#815000
b11 9
b11 O
b1 8
b1 S
b1 X
b10 ;
b10 N
b10 P
b1 :
b1 R
b10001 (
b10001 4
b10001 3
b1 2
1+
#819000
1*
0)
#820000
0+
#825000
b10 9
b10 O
b11 8
b11 S
b11 X
b11 ;
b11 N
b11 P
b10 :
b10 R
b10010 (
b10010 4
b10010 3
b10 2
1+
#825500
b11 Z
1)
#830000
0+
#832000
0)
#835000
b110 9
b110 O
b10 8
b10 S
b10 X
b100 ;
b100 N
b100 P
b11 :
b11 R
b10011 (
b10011 4
b10011 3
b11 2
1+
#838500
0B
b11 7
b11 [
b10 Z
1)
#840000
0+
#845000
b111 9
b111 O
b110 8
b110 S
b110 X
b101 ;
b101 N
b101 P
b100 :
b100 R
b10100 (
b10100 4
b10100 3
b100 2
1+
0)
#850000
0+
#851500
b1 >
b1 I
b1 @
b1 H
b1 J
15
0"
b10 7
b10 [
b110 Z
1)
#855000
b101 9
b101 O
b111 8
b111 S
b111 X
b110 ;
b110 N
b110 P
b101 :
b101 R
b10101 (
b10101 4
b10101 3
b101 2
1+
#858000
0)
#860000
0+
#864500
b11 >
b11 I
b1 =
b1 M
b1 T
b10 @
b10 H
b10 J
b1 ?
b1 L
b110 7
b110 [
b111 Z
b10000 #
b10000 G
1)
#865000
b100 9
b100 O
b101 8
b101 S
b101 X
b111 ;
b111 N
b111 P
b110 :
b110 R
b1 V
b10110 (
b10110 4
b10110 3
b110 2
b1 0
b10001 1
1+
#870000
0+
#871000
0)
#875000
b1100 9
b1100 O
b1 <
b1 W
b100 8
b100 S
b100 X
b1000 ;
b1000 N
b1000 P
b111 :
b111 R
b10111 (
b10111 4
b10111 3
b111 2
1+
#877500
b10 >
b10 I
b111 7
b111 [
b100 Z
b11 =
b11 M
b11 T
b11 @
b11 H
b11 J
b10 ?
b10 L
b10001 #
b10001 G
1)
#878000
b10 0
b10010 1
#880000
0+
#884000
0)
#885000
b1101 9
b1101 O
b1100 8
b1100 S
b1100 X
b1001 ;
b1001 N
b1001 P
b1000 :
b1000 R
b11 V
b11000 (
b11000 4
b11000 3
b1000 2
1+
#890000
0+
#890500
b110 >
b110 I
b10 =
b10 M
b10 T
b100 @
b100 H
b100 J
b11 ?
b11 L
b100 7
b100 [
b1100 Z
b10010 #
b10010 G
1)
#891000
b11 0
b10011 1
#895000
b1111 9
b1111 O
b11 <
b11 W
b10 V
b1101 8
b1101 S
b1101 X
b1010 ;
b1010 N
b1010 P
b1001 :
b1001 R
b11001 (
b11001 4
b11001 3
b1001 2
1+
#897000
0)
#900000
0+
#903500
b111 >
b111 I
b1100 7
b1100 [
b1101 Z
b110 =
b110 M
b110 T
b101 @
b101 H
b101 J
b100 ?
b100 L
b10011 #
b10011 G
1)
#904000
b100 0
b10100 1
#905000
b1110 9
b1110 O
b1111 8
b1111 S
b1111 X
b1011 ;
b1011 N
b1011 P
b1010 :
b1010 R
b10 <
b10 W
b110 V
b11010 (
b11010 4
b11010 3
b1010 2
1+
#910000
0+
0)
#915000
b1010 9
b1010 O
b110 <
b110 W
b1110 8
b1110 S
b1110 X
b1100 ;
b1100 N
b1100 P
b1011 :
b1011 R
b11011 (
b11011 4
b11011 3
b1011 2
1+
#916500
b101 >
b101 I
b111 =
b111 M
b111 T
b110 @
b110 H
b110 J
b101 ?
b101 L
b1101 7
b1101 [
b1110 Z
b10100 #
b10100 G
1)
#917000
b101 0
b10101 1
#920000
0+
#923000
0)
#925000
b1011 9
b1011 O
b1010 8
b1010 S
b1010 X
b1101 ;
b1101 N
b1101 P
b1100 :
b1100 R
b111 V
b11100 (
b11100 4
b11100 3
b1100 2
1+
#929500
b100 >
b100 I
b1110 7
b1110 [
b1010 Z
b101 =
b101 M
b101 T
b111 @
b111 H
b111 J
b110 ?
b110 L
b10101 #
b10101 G
1)
#930000
b110 0
b10110 1
0+
#935000
b1001 9
b1001 O
b111 <
b111 W
b101 V
b1011 8
b1011 S
b1011 X
b1110 ;
b1110 N
b1110 P
b1101 :
b1101 R
b11101 (
b11101 4
b11101 3
b1101 2
1+
#936000
0)
#940000
0+
#942500
b1100 >
b1100 I
b100 =
b100 M
b100 T
b1000 @
b1000 H
b1000 J
b111 ?
b111 L
b1010 7
b1010 [
b1011 Z
b10110 #
b10110 G
1)
#943000
b111 0
b10111 1
#945000
b1000 9
b1000 O
b1001 8
b1001 S
b1001 X
b1111 ;
b1111 N
b1111 P
b1110 :
b1110 R
b101 <
b101 W
b100 V
b11110 (
b11110 4
b11110 3
b1110 2
1+
#949000
0)
#950000
0+
#955000
b11000 9
b11000 O
b100 <
b100 W
b1000 8
b1000 S
b1000 X
b10000 ;
b10000 N
b10000 P
b1111 :
b1111 R
b11111 (
b11111 4
b11111 3
b1111 2
1+
#955500
b1101 >
b1101 I
b1011 7
b1011 [
b1000 Z
b1100 =
b1100 M
b1100 T
b1001 @
b1001 H
b1001 J
b1000 ?
b1000 L
b10111 #
b10111 G
1)
#956000
b1000 0
b11000 1
#960000
0+
#962000
0)
#965000
b11001 9
b11001 O
b11000 8
b11000 S
b11000 X
b10001 ;
b10001 N
b10001 P
b10000 :
b10000 R
b1100 V
b100000 (
b100000 4
b100000 3
b10000 2
1+
#968500
b1111 >
b1111 I
b1101 =
b1101 M
b1101 T
b1010 @
b1010 H
b1010 J
b1001 ?
b1001 L
b1000 7
b1000 [
b11000 Z
b11000 #
b11000 G
1)
#969000
b1001 0
b11001 1
#970000
0+
#975000
b11011 9
b11011 O
b1100 <
b1100 W
b1101 V
b11001 8
b11001 S
b11001 X
b10010 ;
b10010 N
b10010 P
b10001 :
b10001 R
b100001 (
b100001 4
b100001 3
b10001 2
1+
0)
#980000
0+
#981500
b1110 >
b1110 I
b11000 7
b11000 [
b11001 Z
b1111 =
b1111 M
b1111 T
b1011 @
b1011 H
b1011 J
b1010 ?
b1010 L
b11001 #
b11001 G
1)
#982000
b1010 0
b11010 1
#985000
b11010 9
b11010 O
b11011 8
b11011 S
b11011 X
b10011 ;
b10011 N
b10011 P
b10010 :
b10010 R
b1101 <
b1101 W
b1111 V
b100010 (
b100010 4
b100010 3
b10010 2
1+
#988000
0)
#990000
0+
#994500
b1010 >
b1010 I
b1110 =
b1110 M
b1110 T
b1100 @
b1100 H
b1100 J
b1011 ?
b1011 L
b11001 7
b11001 [
b11011 Z
b11010 #
b11010 G
1)
#995000
b11110 9
b11110 O
b1111 <
b1111 W
b1110 V
b11010 8
b11010 S
b11010 X
b10100 ;
b10100 N
b10100 P
b10011 :
b10011 R
b100011 (
b100011 4
b100011 3
b10011 2
b1011 0
b11011 1
1+
#1000000
0+
#1001000
0)
#1005000
b11111 9
b11111 O
b11110 8
b11110 S
b11110 X
b10101 ;
b10101 N
b10101 P
b10100 :
b10100 R
b1110 <
b1110 W
b100100 (
b100100 4
b100100 3
b10100 2
1+
#1007500
b1011 >
b1011 I
b11011 7
b11011 [
b11110 Z
b1010 =
b1010 M
b1010 T
b1101 @
b1101 H
b1101 J
b1100 ?
b1100 L
b11011 #
b11011 G
1)
#1008000
b1100 0
b11100 1
#1010000
0+
#1014000
0)
#1015000
b11101 9
b11101 O
b1010 V
b11111 8
b11111 S
b11111 X
b10110 ;
b10110 N
b10110 P
b10101 :
b10101 R
b100101 (
b100101 4
b100101 3
b10101 2
1+
#1020000
0+
#1020500
b1001 >
b1001 I
b1011 =
b1011 M
b1011 T
b1110 @
b1110 H
b1110 J
b1101 ?
b1101 L
b11110 7
b11110 [
b11111 Z
b11100 #
b11100 G
1)
#1021000
b1101 0
b11101 1
#1025000
b11100 9
b11100 O
b11101 8
b11101 S
b11101 X
b10111 ;
b10111 N
b10111 P
b10110 :
b10110 R
b1010 <
b1010 W
b1011 V
b100110 (
b100110 4
b100110 3
b10110 2
1+
#1027000
0)
#1030000
0+
#1033500
b1000 >
b1000 I
b11111 7
b11111 [
b11101 Z
b1001 =
b1001 M
b1001 T
b1111 @
b1111 H
b1111 J
b1110 ?
b1110 L
b11101 #
b11101 G
1)
#1034000
b1110 0
b11110 1
#1035000
0A
b10100 9
b10100 O
b1011 <
b1011 W
b1001 V
b11100 8
b11100 S
b11100 X
b11000 ;
b11000 N
b11000 P
b10111 :
b10111 R
b100111 (
b100111 4
b100111 3
b10111 2
1+
#1040000
0+
0)
#1045000
b10101 9
b10101 O
b10100 8
b10100 S
b10100 X
b11001 ;
b11001 N
b11001 P
b11000 :
b11000 R
b1001 <
b1001 W
b101000 (
b101000 4
b101000 3
b11000 2
1+
#1046500
b11000 >
b11000 I
b1000 =
b1000 M
b1000 T
b10000 @
b10000 H
b10000 J
b1111 ?
b1111 L
b11101 7
b11101 [
b10100 Z
b11110 #
b11110 G
1)
#1047000
b1111 0
b11111 1
#1050000
0+
#1053000
0)
#1055000
b10111 9
b10111 O
b1000 V
b10101 8
b10101 S
b10101 X
b11010 ;
b11010 N
b11010 P
b11001 :
b11001 R
b101001 (
b101001 4
b101001 3
b11001 2
1+
#1059500
b11001 >
b11001 I
b10100 7
b10100 [
b10101 Z
b11000 =
b11000 M
b11000 T
b10001 @
b10001 H
b10001 J
b10000 ?
b10000 L
b11111 #
b11111 G
1)
#1060000
b10000 0
b100000 1
0+
#1065000
b10110 9
b10110 O
b10111 8
b10111 S
b10111 X
b11011 ;
b11011 N
b11011 P
b11010 :
b11010 R
b1000 <
b1000 W
b11000 V
b101010 (
b101010 4
b101010 3
b11010 2
1+
#1066000
0)
#1070000
0+
#1072500
b11011 >
b11011 I
b11001 =
b11001 M
b11001 T
b10010 @
b10010 H
b10010 J
b10001 ?
b10001 L
b10101 7
b10101 [
b10111 Z
b100000 #
b100000 G
1)
#1073000
b10001 0
b100001 1
#1075000
b10010 9
b10010 O
b11000 <
b11000 W
b11001 V
b10110 8
b10110 S
b10110 X
b11100 ;
b11100 N
b11100 P
b11011 :
b11011 R
b101011 (
b101011 4
b101011 3
b11011 2
1+
#1079000
0)
#1080000
0+
#1085000
b10011 9
b10011 O
b10010 8
b10010 S
b10010 X
b11101 ;
b11101 N
b11101 P
b11100 :
b11100 R
b11001 <
b11001 W
b101100 (
b101100 4
b101100 3
b11100 2
1+
#1085500
b11010 >
b11010 I
b10111 7
b10111 [
b10010 Z
b11011 =
b11011 M
b11011 T
b10011 @
b10011 H
b10011 J
b10010 ?
b10010 L
b100001 #
b100001 G
1)
#1086000
b10010 0
b100010 1
#1090000
0+
#1092000
0)
#1095000
b10001 9
b10001 O
b11011 V
b10011 8
b10011 S
b10011 X
b11110 ;
b11110 N
b11110 P
b11101 :
b11101 R
b101101 (
b101101 4
b101101 3
b11101 2
1+
#1098500
b11110 >
b11110 I
b11010 =
b11010 M
b11010 T
b10100 @
b10100 H
b10100 J
b10011 ?
b10011 L
b10010 7
b10010 [
b10011 Z
b100010 #
b100010 G
1)
#1099000
b10011 0
b100011 1
#1100000
0+
#1105000
b10000 9
b10000 O
b10001 8
b10001 S
b10001 X
b11111 ;
b11111 N
b11111 P
b11110 :
b11110 R
b11011 <
b11011 W
b11010 V
b101110 (
b101110 4
b101110 3
b11110 2
1+
0)
#1110000
0+
#1111500
b11111 >
b11111 I
b10011 7
b10011 [
b10001 Z
b11110 =
b11110 M
b11110 T
b10101 @
b10101 H
b10101 J
b10100 ?
b10100 L
b100011 #
b100011 G
1)
#1112000
b10100 0
b100100 1
#1115000
b0 9
b0 O
b11010 <
b11010 W
b11110 V
b10000 8
b10000 S
b10000 X
b0 ;
b0 N
b0 P
b11111 :
b11111 R
b101111 (
b101111 4
b101111 3
b11111 2
1+
#1118000
0)
#1120000
0+
#1124500
b11101 >
b11101 I
b11111 =
b11111 M
b11111 T
b10110 @
b10110 H
b10110 J
b10101 ?
b10101 L
b10001 7
b10001 [
b10000 Z
b100100 #
b100100 G
1)
#1125000
b1 9
b1 O
b0 8
b0 S
b0 X
b1 ;
b1 N
b1 P
b0 :
b0 R
b11110 <
b11110 W
b11111 V
b110000 (
b110000 4
b110000 3
b100000 2
b10101 0
b100101 1
1+
#1130000
0+
#1131000
0)
#1135000
b11 9
b11 O
b11111 <
b11111 W
b1 8
b1 S
b1 X
b10 ;
b10 N
b10 P
b1 :
b1 R
b110001 (
b110001 4
b110001 3
b100001 2
1+
#1137500
b11100 >
b11100 I
b10000 7
b10000 [
b1 Z
b11101 =
b11101 M
b11101 T
b10111 @
b10111 H
b10111 J
b10110 ?
b10110 L
b100101 #
b100101 G
1)
#1138000
b10110 0
b100110 1
#1140000
0+
#1144000
0)
#1145000
b10 9
b10 O
b11 8
b11 S
b11 X
b11 ;
b11 N
b11 P
b10 :
b10 R
b11101 V
b110010 (
b110010 4
b110010 3
b100010 2
1+
#1150000
0+
#1150500
b10100 >
b10100 I
b11100 =
b11100 M
b11100 T
b11000 @
b11000 H
b11000 J
b10111 ?
b10111 L
b1 7
b1 [
b11 Z
b100110 #
b100110 G
1)
#1151000
b10111 0
b100111 1
#1155000
0A
b110 9
b110 O
b11101 <
b11101 W
b11100 V
b10 8
b10 S
b10 X
b100 ;
b100 N
b100 P
b11 :
b11 R
b110011 (
b110011 4
b110011 3
b100011 2
1+
#1157000
0)
#1160000
0+
#1163500
b10101 >
b10101 I
b11 7
b11 [
b10 Z
b10100 =
b10100 M
b10100 T
b11001 @
b11001 H
b11001 J
b11000 ?
b11000 L
b100111 #
b100111 G
1)
#1164000
b11000 0
b101000 1
#1165000
b111 9
b111 O
b110 8
b110 S
b110 X
b101 ;
b101 N
b101 P
b100 :
b100 R
b11100 <
b11100 W
b10100 V
b110100 (
b110100 4
b110100 3
b100100 2
1+
#1170000
0+
0)
#1175000
0A
b101 9
b101 O
b10100 <
b10100 W
b111 8
b111 S
b111 X
b110 ;
b110 N
b110 P
b101 :
b101 R
b110101 (
b110101 4
b110101 3
b100101 2
1+
#1176500
b10111 >
b10111 I
b10101 =
b10101 M
b10101 T
b11010 @
b11010 H
b11010 J
b11001 ?
b11001 L
b10 7
b10 [
b111 Z
b101000 #
b101000 G
1)
#1177000
b11001 0
b101001 1
#1180000
0+
#1183000
0)
#1185000
b100 9
b100 O
b101 8
b101 S
b101 X
b111 ;
b111 N
b111 P
b110 :
b110 R
b10101 V
b110110 (
b110110 4
b110110 3
b100110 2
1+
#1189500
b10110 >
b10110 I
b111 7
b111 [
b101 Z
b10111 =
b10111 M
b10111 T
b11011 @
b11011 H
b11011 J
b11010 ?
b11010 L
b101001 #
b101001 G
1)
#1190000
b11010 0
b101010 1
0+
#1195000
b1100 9
b1100 O
b10101 <
b10101 W
b10111 V
b100 8
b100 S
b100 X
b1000 ;
b1000 N
b1000 P
b111 :
b111 R
b110111 (
b110111 4
b110111 3
b100111 2
1+
#1196000
0)
#1200000
0+
#1202500
b10010 >
b10010 I
b10110 =
b10110 M
b10110 T
b11100 @
b11100 H
b11100 J
b11011 ?
b11011 L
b101 7
b101 [
b100 Z
b101010 #
b101010 G
1)
#1203000
b11011 0
b101011 1
#1205000
b1101 9
b1101 O
b1100 8
b1100 S
b1100 X
b1001 ;
b1001 N
b1001 P
b1000 :
b1000 R
b10111 <
b10111 W
b10110 V
b111000 (
b111000 4
b111000 3
b101000 2
1+
#1209000
0)
#1210000
0+
#1215000
0A
b1111 9
b1111 O
b10110 <
b10110 W
b1101 8
b1101 S
b1101 X
b1010 ;
b1010 N
b1010 P
b1001 :
b1001 R
b111001 (
b111001 4
b111001 3
b101001 2
1+
#1215500
b10011 >
b10011 I
b100 7
b100 [
b1101 Z
b10010 =
b10010 M
b10010 T
b11101 @
b11101 H
b11101 J
b11100 ?
b11100 L
b101011 #
b101011 G
1)
#1216000
b11100 0
b101100 1
#1220000
0+
#1222000
0)
#1225000
1A
b1110 9
b1110 O
b1111 8
b1111 S
b1111 X
b1011 ;
b1011 N
b1011 P
b1010 :
b1010 R
b10010 V
b111010 (
b111010 4
b111010 3
b101010 2
1+
#1228500
b10001 >
b10001 I
b10011 =
b10011 M
b10011 T
b11110 @
b11110 H
b11110 J
b11101 ?
b11101 L
b1101 7
b1101 [
b1111 Z
b101100 #
b101100 G
1)
#1229000
b11101 0
b101101 1
#1230000
0+
#1235000
06
0A
b1110 9
b1110 O
1!
b10010 <
b10010 W
b10011 V
b1110 8
b1110 S
b1110 X
b1011 ;
b1011 N
b1011 P
b1011 :
b1011 R
b111011 (
b111011 4
b111011 3
b101011 2
1+
0)
#1240000
0+
#1241500
b10000 >
b10000 I
b1111 7
b1111 [
b1110 Z
b10001 =
b10001 M
b10001 T
b11111 @
b11111 H
b11111 J
b11110 ?
b11110 L
b101101 #
b101101 G
1)
#1242000
b11110 0
b101110 1
#1245000
b1010 9
b1010 O
b1100 ;
b1100 N
b1100 P
16
b10011 <
b10011 W
b10001 V
0!
1+
#1248000
0)
#1250000
0+
#1254500
b0 >
b0 I
b10000 =
b10000 M
b10000 T
b0 @
b0 H
b0 J
b11111 ?
b11111 L
b1110 7
b1110 [
b101110 #
b101110 G
1)
#1255000
0A
b1011 9
b1011 O
b10001 <
b10001 W
b10000 V
b1010 8
b1010 S
b1010 X
b1101 ;
b1101 N
b1101 P
b1100 :
b1100 R
b111100 (
b111100 4
b111100 3
b101100 2
b11111 0
b101111 1
1+
#1260000
0+
#1261000
0)
#1265000
0A
b1001 9
b1001 O
b1011 8
b1011 S
b1011 X
b1110 ;
b1110 N
b1110 P
b1101 :
b1101 R
b10000 <
b10000 W
b111101 (
b111101 4
b111101 3
b101101 2
1+
#1267500
b1 >
b1 I
b1011 Z
b0 =
b0 M
b0 T
b1 @
b1 H
b1 J
b0 ?
b0 L
b101111 #
b101111 G
1)
#1268000
b100000 0
b110000 1
#1270000
0+
#1274000
0)
#1275000
1A
b1000 9
b1000 O
b0 V
b1001 8
b1001 S
b1001 X
b1111 ;
b1111 N
b1111 P
b1110 :
b1110 R
b111110 (
b111110 4
b111110 3
b101110 2
1+
#1280000
0+
#1280500
b11 >
b11 I
b1 =
b1 M
b1 T
b10 @
b10 H
b10 J
b1 ?
b1 L
b1011 7
b1011 [
b1001 Z
b110000 #
b110000 G
1)
#1281000
b100001 0
b110001 1
#1285000
06
0A
b1000 9
b1000 O
b1000 8
b1000 S
b1000 X
b1111 ;
b1111 N
b1111 P
b1111 :
b1111 R
b0 <
b0 W
b1 V
1!
b111111 (
b111111 4
b111111 3
b101111 2
1+
#1287000
0)
#1290000
0+
#1293500
b10 >
b10 I
b1001 7
b1001 [
b1000 Z
b11 =
b11 M
b11 T
b11 @
b11 H
b11 J
b10 ?
b10 L
b110001 #
b110001 G
1)
#1294000
b100010 0
b110010 1
#1295000
b11000 9
b11000 O
b10000 ;
b10000 N
b10000 P
16
0!
b1 <
b1 W
b11 V
1+
#1300000
0+
0)
#1305000
b11001 9
b11001 O
b11000 8
b11000 S
b11000 X
b10001 ;
b10001 N
b10001 P
b10000 :
b10000 R
b11 <
b11 W
b1000000 (
b1000000 4
b1000000 3
b110000 2
1+
#1306500
b110 >
b110 I
b10 =
b10 M
b10 T
b100 @
b100 H
b100 J
b11 ?
b11 L
b1000 7
b1000 [
b11000 Z
b110010 #
b110010 G
1)
#1307000
b100011 0
b110011 1
#1310000
0+
#1313000
0)
#1315000
1A
b11011 9
b11011 O
b10 V
b11001 8
b11001 S
b11001 X
b10010 ;
b10010 N
b10010 P
b10001 :
b10001 R
b1000001 (
b1000001 4
b1000001 3
b110001 2
1+
#1319500
b111 >
b111 I
b11000 7
b11000 [
b11001 Z
b110 =
b110 M
b110 T
b101 @
b101 H
b101 J
b100 ?
b100 L
b110011 #
b110011 G
1)
#1320000
b100100 0
b110100 1
0+
#1325000
06
b11011 9
b11011 O
0A
b11011 8
b11011 S
b11011 X
b10010 ;
b10010 N
b10010 P
b10010 :
b10010 R
b10 <
b10 W
b110 V
1!
b1000010 (
b1000010 4
b1000010 3
b110010 2
1+
#1326000
0)
#1330000
0+
#1332500
b101 >
b101 I
b111 =
b111 M
b111 T
b110 @
b110 H
b110 J
b101 ?
b101 L
b11001 7
b11001 [
b11011 Z
b110100 #
b110100 G
1)
#1333000
b100101 0
b110101 1
#1335000
b11010 9
b11010 O
b10011 ;
b10011 N
b10011 P
16
0!
b110 <
b110 W
b111 V
1+
#1339000
0)
#1340000
0+
#1345000
b11110 9
b11110 O
b11010 8
b11010 S
b11010 X
b10100 ;
b10100 N
b10100 P
b10011 :
b10011 R
b111 <
b111 W
b1000011 (
b1000011 4
b1000011 3
b110011 2
1+
#1345500
b100 >
b100 I
b11011 7
b11011 [
b11010 Z
b101 =
b101 M
b101 T
b111 @
b111 H
b111 J
b110 ?
b110 L
b110101 #
b110101 G
1)
#1346000
b100110 0
b110110 1
#1350000
0+
#1352000
0)
#1355000
1A
b11111 9
b11111 O
b101 V
b11110 8
b11110 S
b11110 X
b10101 ;
b10101 N
b10101 P
b10100 :
b10100 R
b1000100 (
b1000100 4
b1000100 3
b110100 2
1+
#1358500
b1100 >
b1100 I
b100 =
b100 M
b100 T
b1000 @
b1000 H
b1000 J
b111 ?
b111 L
b11010 7
b11010 [
b11110 Z
b110110 #
b110110 G
1)
#1359000
b100111 0
b110111 1
#1360000
0+
#1365000
06
b11111 9
b11111 O
0A
b11111 8
b11111 S
b11111 X
b10101 ;
b10101 N
b10101 P
b10101 :
b10101 R
b101 <
b101 W
b100 V
1!
b1000101 (
b1000101 4
b1000101 3
b110101 2
1+
0)
#1370000
0+
#1371500
b1101 >
b1101 I
b11110 7
b11110 [
b11111 Z
b1100 =
b1100 M
b1100 T
b1001 @
b1001 H
b1001 J
b1000 ?
b1000 L
b110111 #
b110111 G
1)
#1372000
b101000 0
b111000 1
#1375000
0A
b11101 9
b11101 O
b10110 ;
b10110 N
b10110 P
16
0!
b100 <
b100 W
b1100 V
1+
#1378000
0)
#1380000
0+
#1384500
b1111 >
b1111 I
b1101 =
b1101 M
b1101 T
b1010 @
b1010 H
b1010 J
b1001 ?
b1001 L
b11111 7
b11111 [
b111000 #
b111000 G
1)
#1385000
0A
b11100 9
b11100 O
b11101 8
b11101 S
b11101 X
b10111 ;
b10111 N
b10111 P
b10110 :
b10110 R
b1100 <
b1100 W
b1101 V
b1000110 (
b1000110 4
b1000110 3
b110110 2
b101001 0
b111001 1
1+
#1390000
0+
#1391000
0)
#1395000
b10100 9
b10100 O
b1101 <
b1101 W
b11100 8
b11100 S
b11100 X
b11000 ;
b11000 N
b11000 P
b10111 :
b10111 R
b1000111 (
b1000111 4
b1000111 3
b110111 2
1+
#1397500
b1110 >
b1110 I
b11100 Z
b1111 =
b1111 M
b1111 T
b1011 @
b1011 H
b1011 J
b1010 ?
b1010 L
b111001 #
b111001 G
1)
#1398000
b101010 0
b111010 1
#1400000
0+
#1404000
0)
#1405000
1A
b10101 9
b10101 O
b10100 8
b10100 S
b10100 X
b11001 ;
b11001 N
b11001 P
b11000 :
b11000 R
b1111 V
b1001000 (
b1001000 4
b1001000 3
b111000 2
1+
#1410000
0+
#1410500
b1010 >
b1010 I
b1110 =
b1110 M
b1110 T
b1100 @
b1100 H
b1100 J
b1011 ?
b1011 L
b11100 7
b11100 [
b10100 Z
b111010 #
b111010 G
1)
#1411000
b101011 0
b111011 1
#1415000
06
0A
b10101 9
b10101 O
1!
b1111 <
b1111 W
b1110 V
b10101 8
b10101 S
b10101 X
b11001 ;
b11001 N
b11001 P
b11001 :
b11001 R
b1001001 (
b1001001 4
b1001001 3
b111001 2
1+
#1417000
0)
#1420000
0+
#1423500
b1011 >
b1011 I
b10100 7
b10100 [
b10101 Z
b1010 =
b1010 M
b1010 T
b1101 @
b1101 H
b1101 J
b1100 ?
b1100 L
b111011 #
b111011 G
1)
#1424000
b101100 0
b111100 1
#1425000
0A
b10111 9
b10111 O
b11010 ;
b11010 N
b11010 P
16
b1110 <
b1110 W
b1010 V
0!
1+
#1430000
0+
0)
#1435000
0A
b10110 9
b10110 O
b1010 <
b1010 W
b10111 8
b10111 S
b10111 X
b11011 ;
b11011 N
b11011 P
b11010 :
b11010 R
b1001010 (
b1001010 4
b1001010 3
b111010 2
1+
#1436500
b1001 >
b1001 I
b1011 =
b1011 M
b1011 T
b1110 @
b1110 H
b1110 J
b1101 ?
b1101 L
b10101 7
b10101 [
b10111 Z
b111100 #
b111100 G
1)
#1437000
b101101 0
b111101 1
#1440000
0+
#1443000
0)
#1445000
1A
b10010 9
b10010 O
b10110 8
b10110 S
b10110 X
b11100 ;
b11100 N
b11100 P
b11011 :
b11011 R
b1011 V
b1001011 (
b1001011 4
b1001011 3
b111011 2
1+
#1449500
b1000 >
b1000 I
b10111 7
b10111 [
b10110 Z
b1001 =
b1001 M
b1001 T
b1111 @
b1111 H
b1111 J
b1110 ?
b1110 L
b111101 #
b111101 G
1)
#1450000
b101110 0
b111110 1
0+
#1455000
06
0A
b10010 9
b10010 O
1!
b1011 <
b1011 W
b1001 V
b10010 8
b10010 S
b10010 X
b11100 ;
b11100 N
b11100 P
b11100 :
b11100 R
b1001100 (
b1001100 4
b1001100 3
b111100 2
1+
#1456000
0)
#1460000
0+
#1462500
b11000 >
b11000 I
b1000 =
b1000 M
b1000 T
b10000 @
b10000 H
b10000 J
b1111 ?
b1111 L
b10110 7
b10110 [
b10010 Z
b111110 #
b111110 G
1)
#1463000
b101111 0
b111111 1
#1465000
b10011 9
b10011 O
b11101 ;
b11101 N
b11101 P
16
b1001 <
b1001 W
b1000 V
0!
1+
#1469000
0)
#1470000
0+
#1475000
0A
b10001 9
b10001 O
b1000 <
b1000 W
b10011 8
b10011 S
b10011 X
b11110 ;
b11110 N
b11110 P
b11101 :
b11101 R
b1001101 (
b1001101 4
b1001101 3
b111101 2
1+
#1475500
b11001 >
b11001 I
b10010 7
b10010 [
b10011 Z
b11000 =
b11000 M
b11000 T
b10001 @
b10001 H
b10001 J
b10000 ?
b10000 L
b111111 #
b111111 G
1)
#1476000
b110000 0
b1000000 1
#1480000
0+
#1482000
0)
#1485000
1A
b10000 9
b10000 O
b10001 8
b10001 S
b10001 X
b11111 ;
b11111 N
b11111 P
b11110 :
b11110 R
b11000 V
b1001110 (
b1001110 4
b1001110 3
b111110 2
1+
#1488500
b11011 >
b11011 I
b11001 =
b11001 M
b11001 T
b10010 @
b10010 H
b10010 J
b10001 ?
b10001 L
b10011 7
b10011 [
b10001 Z
b1000000 #
b1000000 G
1)
#1489000
b110001 0
b1000001 1
#1490000
0+
#1495000
06
0A
b10000 9
b10000 O
1!
b11000 <
b11000 W
b11001 V
b10000 8
b10000 S
b10000 X
b11111 ;
b11111 N
b11111 P
b11111 :
b11111 R
b1001111 (
b1001111 4
b1001111 3
b111111 2
1+
0)
#1500000
0+
#1501500
b11010 >
b11010 I
b10001 7
b10001 [
b10000 Z
b11011 =
b11011 M
b11011 T
b10011 @
b10011 H
b10011 J
b10010 ?
b10010 L
b1000001 #
b1000001 G
1)
#1502000
b110010 0
b1000010 1
#1505000
b0 9
b0 O
b0 ;
b0 N
b0 P
16
b11001 <
b11001 W
b11011 V
0!
1+
#1508000
0)
#1510000
0+
#1514500
b11110 >
b11110 I
b11010 =
b11010 M
b11010 T
b10100 @
b10100 H
b10100 J
b10011 ?
b10011 L
b10000 7
b10000 [
b1000010 #
b1000010 G
1)
#1515000
0A
b1 9
b1 O
b11011 <
b11011 W
b11010 V
b0 8
b0 S
b0 X
b1 ;
b1 N
b1 P
b0 :
b0 R
b1010000 (
b1010000 4
b1010000 3
b1000000 2
b110011 0
b1000011 1
1+
#1520000
0+
#1521000
0)
#1525000
0A
b11 9
b11 O
b1 8
b1 S
b1 X
b10 ;
b10 N
b10 P
b1 :
b1 R
b11010 <
b11010 W
b1010001 (
b1010001 4
b1010001 3
b1000001 2
1+
#1527500
b11111 >
b11111 I
b1 Z
b11110 =
b11110 M
b11110 T
b10101 @
b10101 H
b10101 J
b10100 ?
b10100 L
b1000011 #
b1000011 G
1)
#1528000
b110100 0
b1000100 1
#1530000
0+
#1534000
0)
#1535000
1A
b10 9
b10 O
b11110 V
b11 8
b11 S
b11 X
b11 ;
b11 N
b11 P
b10 :
b10 R
b1010010 (
b1010010 4
b1010010 3
b1000010 2
1+
#1540000
0+
#1540500
b11101 >
b11101 I
b11111 =
b11111 M
b11111 T
b10110 @
b10110 H
b10110 J
b10101 ?
b10101 L
b1 7
b1 [
b11 Z
b1000100 #
b1000100 G
1)
#1541000
b110101 0
b1000101 1
#1545000
06
b10 9
b10 O
0A
b10 8
b10 S
b10 X
b11 ;
b11 N
b11 P
b11 :
b11 R
b11110 <
b11110 W
b11111 V
1!
b1010011 (
b1010011 4
b1010011 3
b1000011 2
1+
#1547000
0)
#1550000
0+
#1553500
b11100 >
b11100 I
b11 7
b11 [
b10 Z
b11101 =
b11101 M
b11101 T
b10111 @
b10111 H
b10111 J
b10110 ?
b10110 L
b1000101 #
b1000101 G
1)
#1554000
b110110 0
b1000110 1
#1555000
b110 9
b110 O
b100 ;
b100 N
b100 P
16
0!
b11111 <
b11111 W
b11101 V
1+
#1560000
0+
0)
#1565000
b111 9
b111 O
b110 8
b110 S
b110 X
b101 ;
b101 N
b101 P
b100 :
b100 R
b11101 <
b11101 W
b1010100 (
b1010100 4
b1010100 3
b1000100 2
1+
#1566500
b10100 >
b10100 I
b11100 =
b11100 M
b11100 T
b11000 @
b11000 H
b11000 J
b10111 ?
b10111 L
b10 7
b10 [
b110 Z
b1000110 #
b1000110 G
1)
#1567000
b110111 0
b1000111 1
#1570000
0+
#1573000
0)
#1575000
1A
b101 9
b101 O
b11100 V
b111 8
b111 S
b111 X
b110 ;
b110 N
b110 P
b101 :
b101 R
b1010101 (
b1010101 4
b1010101 3
b1000101 2
1+
#1579500
b10101 >
b10101 I
b110 7
b110 [
b111 Z
b10100 =
b10100 M
b10100 T
b11001 @
b11001 H
b11001 J
b11000 ?
b11000 L
b1000111 #
b1000111 G
1)
#1580000
b111000 0
b1001000 1
0+
#1585000
06
b101 9
b101 O
0A
b101 8
b101 S
b101 X
b110 ;
b110 N
b110 P
b110 :
b110 R
b11100 <
b11100 W
b10100 V
1!
b1010110 (
b1010110 4
b1010110 3
b1000110 2
1+
#1586000
0)
#1590000
0+
#1592500
b10111 >
b10111 I
b10101 =
b10101 M
b10101 T
b11010 @
b11010 H
b11010 J
b11001 ?
b11001 L
b111 7
b111 [
b101 Z
b1001000 #
b1001000 G
1)
#1593000
b111001 0
b1001001 1
#1595000
b100 9
b100 O
b111 ;
b111 N
b111 P
16
0!
b10100 <
b10100 W
b10101 V
1+
#1599000
0)
#1600000
0+
#1605000
b1100 9
b1100 O
b100 8
b100 S
b100 X
b1000 ;
b1000 N
b1000 P
b111 :
b111 R
b10101 <
b10101 W
b1010111 (
b1010111 4
b1010111 3
b1000111 2
1+
#1605500
b10110 >
b10110 I
b101 7
b101 [
b100 Z
b10111 =
b10111 M
b10111 T
b11011 @
b11011 H
b11011 J
b11010 ?
b11010 L
b1001001 #
b1001001 G
1)
#1606000
b111010 0
b1001010 1
#1610000
0+
#1612000
0)
#1615000
1A
b1101 9
b1101 O
b10111 V
b1100 8
b1100 S
b1100 X
b1001 ;
b1001 N
b1001 P
b1000 :
b1000 R
b1011000 (
b1011000 4
b1011000 3
b1001000 2
1+
#1618500
b10010 >
b10010 I
b10110 =
b10110 M
b10110 T
b11100 @
b11100 H
b11100 J
b11011 ?
b11011 L
b100 7
b100 [
b1100 Z
b1001010 #
b1001010 G
1)
#1619000
b111011 0
b1001011 1
#1620000
0+
#1625000
06
b1101 9
b1101 O
0A
b1101 8
b1101 S
b1101 X
b1001 ;
b1001 N
b1001 P
b1001 :
b1001 R
b10111 <
b10111 W
b10110 V
1!
b1011001 (
b1011001 4
b1011001 3
b1001001 2
1+
0)
#1630000
0+
#1631500
b10011 >
b10011 I
b1100 7
b1100 [
b1101 Z
b10010 =
b10010 M
b10010 T
b11101 @
b11101 H
b11101 J
b11100 ?
b11100 L
b1001011 #
b1001011 G
1)
#1632000
b111100 0
b1001100 1
#1635000
0A
b1111 9
b1111 O
b1010 ;
b1010 N
b1010 P
16
0!
b10110 <
b10110 W
b10010 V
1+
#1638000
0)
#1640000
0+
#1644500
b10001 >
b10001 I
b10011 =
b10011 M
b10011 T
b11110 @
b11110 H
b11110 J
b11101 ?
b11101 L
b1101 7
b1101 [
b1001100 #
b1001100 G
1)
#1645000
b1110 9
b1110 O
b1111 8
b1111 S
b1111 X
b1011 ;
b1011 N
b1011 P
b1010 :
b1010 R
b10010 <
b10010 W
b10011 V
b1011010 (
b1011010 4
b1011010 3
b1001010 2
b111101 0
b1001101 1
1+
#1650000
0+
#1651000
0)
#1655000
b1010 9
b1010 O
b10011 <
b10011 W
b1110 8
b1110 S
b1110 X
b1100 ;
b1100 N
b1100 P
b1011 :
b1011 R
b1011011 (
b1011011 4
b1011011 3
b1001011 2
1+
#1657500
b10000 >
b10000 I
b1110 Z
b10001 =
b10001 M
b10001 T
b11111 @
b11111 H
b11111 J
b11110 ?
b11110 L
b1001101 #
b1001101 G
1)
#1658000
b111110 0
b1001110 1
#1660000
0+
#1664000
0)
#1665000
1A
b1011 9
b1011 O
b1010 8
b1010 S
b1010 X
b1101 ;
b1101 N
b1101 P
b1100 :
b1100 R
b10001 V
b1011100 (
b1011100 4
b1011100 3
b1001100 2
1+
#1670000
0+
#1670500
b0 >
b0 I
b10000 =
b10000 M
b10000 T
b0 @
b0 H
b0 J
b11111 ?
b11111 L
b1110 7
b1110 [
b1010 Z
b1001110 #
b1001110 G
1)
#1671000
b111111 0
b1001111 1
#1675000
06
0A
b1011 9
b1011 O
1!
b10001 <
b10001 W
b10000 V
b1011 8
b1011 S
b1011 X
b1101 ;
b1101 N
b1101 P
b1101 :
b1101 R
b1011101 (
b1011101 4
b1011101 3
b1001101 2
1+
#1677000
0)
#1680000
0+
#1683500
b1 >
b1 I
b1010 7
b1010 [
b1011 Z
b0 =
b0 M
b0 T
b1 @
b1 H
b1 J
b0 ?
b0 L
b1001111 #
b1001111 G
1)
#1684000
b1000000 0
b1010000 1
#1685000
0A
b1001 9
b1001 O
b1110 ;
b1110 N
b1110 P
16
b10000 <
b10000 W
b0 V
0!
1+
#1690000
0+
0)
#1695000
0A
b1000 9
b1000 O
b0 <
b0 W
b1001 8
b1001 S
b1001 X
b1111 ;
b1111 N
b1111 P
b1110 :
b1110 R
b1011110 (
b1011110 4
b1011110 3
b1001110 2
1+
#1696500
b11 >
b11 I
b1 =
b1 M
b1 T
b10 @
b10 H
b10 J
b1 ?
b1 L
b1011 7
b1011 [
b1001 Z
b1010000 #
b1010000 G
1)
#1697000
b1000001 0
b1010001 1
#1700000
0+
#1703000
0)
#1705000
1A
b11000 9
b11000 O
b1000 8
b1000 S
b1000 X
b10000 ;
b10000 N
b10000 P
b1111 :
b1111 R
b1 V
b1011111 (
b1011111 4
b1011111 3
b1001111 2
1+
#1709500
b10 >
b10 I
b1001 7
b1001 [
b1000 Z
b11 =
b11 M
b11 T
b11 @
b11 H
b11 J
b10 ?
b10 L
b1010001 #
b1010001 G
1)
#1710000
b1000010 0
b1010010 1
0+
#1715000
06
0A
b11000 9
b11000 O
1!
b1 <
b1 W
b11 V
b11000 8
b11000 S
b11000 X
b10000 ;
b10000 N
b10000 P
b10000 :
b10000 R
b1100000 (
b1100000 4
b1100000 3
b1010000 2
1+
#1716000
0)
#1720000
0+
#1722500
b110 >
b110 I
b10 =
b10 M
b10 T
b100 @
b100 H
b100 J
b11 ?
b11 L
b1000 7
b1000 [
b11000 Z
b1010010 #
b1010010 G
1)
#1723000
b1000011 0
b1010011 1
#1725000
b11001 9
b11001 O
b10001 ;
b10001 N
b10001 P
16
b11 <
b11 W
b10 V
0!
1+
#1729000
0)
#1730000
0+
#1735000
0A
b11011 9
b11011 O
b10 <
b10 W
b11001 8
b11001 S
b11001 X
b10010 ;
b10010 N
b10010 P
b10001 :
b10001 R
b1100001 (
b1100001 4
b1100001 3
b1010001 2
1+
#1735500
b111 >
b111 I
b11000 7
b11000 [
b11001 Z
b110 =
b110 M
b110 T
b101 @
b101 H
b101 J
b100 ?
b100 L
b1010011 #
b1010011 G
1)
#1736000
b1000100 0
b1010100 1
#1740000
0+
#1742000
0)
#1745000
1A
b11010 9
b11010 O
b11011 8
b11011 S
b11011 X
b10011 ;
b10011 N
b10011 P
b10010 :
b10010 R
b110 V
b1100010 (
b1100010 4
b1100010 3
b1010010 2
1+
#1748500
b101 >
b101 I
b111 =
b111 M
b111 T
b110 @
b110 H
b110 J
b101 ?
b101 L
b11001 7
b11001 [
b11011 Z
b1010100 #
b1010100 G
1)
#1749000
b1000101 0
b1010101 1
#1750000
0+
#1755000
06
0A
b11010 9
b11010 O
1!
b110 <
b110 W
b111 V
b11010 8
b11010 S
b11010 X
b10011 ;
b10011 N
b10011 P
b10011 :
b10011 R
b1100011 (
b1100011 4
b1100011 3
b1010011 2
1+
0)
#1760000
0+
#1761500
b100 >
b100 I
b11011 7
b11011 [
b11010 Z
b101 =
b101 M
b101 T
b111 @
b111 H
b111 J
b110 ?
b110 L
b1010101 #
b1010101 G
1)
#1762000
b1000110 0
b1010110 1
#1765000
b11110 9
b11110 O
b10100 ;
b10100 N
b10100 P
16
b111 <
b111 W
b101 V
0!
1+
#1768000
0)
#1770000
0+
#1774500
b1100 >
b1100 I
b100 =
b100 M
b100 T
b1000 @
b1000 H
b1000 J
b111 ?
b111 L
b11010 7
b11010 [
b1010110 #
b1010110 G
1)
#1775000
0A
b11111 9
b11111 O
b101 <
b101 W
b100 V
b11110 8
b11110 S
b11110 X
b10101 ;
b10101 N
b10101 P
b10100 :
b10100 R
b1100100 (
b1100100 4
b1100100 3
b1010100 2
b1000111 0
b1010111 1
1+
#1780000
0+
#1781000
0)
#1785000
0A
b11101 9
b11101 O
b11111 8
b11111 S
b11111 X
b10110 ;
b10110 N
b10110 P
b10101 :
b10101 R
b100 <
b100 W
b1100101 (
b1100101 4
b1100101 3
b1010101 2
1+
#1787500
b1101 >
b1101 I
b11111 Z
b1100 =
b1100 M
b1100 T
b1001 @
b1001 H
b1001 J
b1000 ?
b1000 L
b1010111 #
b1010111 G
1)
#1788000
b1001000 0
b1011000 1
#1790000
0+
#1794000
0)
#1795000
1A
b11100 9
b11100 O
b1100 V
b11101 8
b11101 S
b11101 X
b10111 ;
b10111 N
b10111 P
b10110 :
b10110 R
b1100110 (
b1100110 4
b1100110 3
b1010110 2
1+
#1800000
0+
#1800500
b1111 >
b1111 I
b1101 =
b1101 M
b1101 T
b1010 @
b1010 H
b1010 J
b1001 ?
b1001 L
b11111 7
b11111 [
b11101 Z
b1011000 #
b1011000 G
1)
#1801000
b1001001 0
b1011001 1
#1805000
06
0A
b11100 9
b11100 O
b11100 8
b11100 S
b11100 X
b10111 ;
b10111 N
b10111 P
b10111 :
b10111 R
b1100 <
b1100 W
b1101 V
1!
b1100111 (
b1100111 4
b1100111 3
b1010111 2
1+
#1807000
0)
#1810000
0+
#1813500
b1110 >
b1110 I
b11101 7
b11101 [
b11100 Z
b1111 =
b1111 M
b1111 T
b1011 @
b1011 H
b1011 J
b1010 ?
b1010 L
b1011001 #
b1011001 G
1)
#1814000
b1001010 0
b1011010 1
#1815000
b10100 9
b10100 O
b11000 ;
b11000 N
b11000 P
16
0!
b1101 <
b1101 W
b1111 V
1+
#1820000
0+
0)
#1825000
b10101 9
b10101 O
b10100 8
b10100 S
b10100 X
b11001 ;
b11001 N
b11001 P
b11000 :
b11000 R
b1111 <
b1111 W
b1101000 (
b1101000 4
b1101000 3
b1011000 2
1+
#1826500
b1010 >
b1010 I
b1110 =
b1110 M
b1110 T
b1100 @
b1100 H
b1100 J
b1011 ?
b1011 L
b11100 7
b11100 [
b10100 Z
b1011010 #
b1011010 G
1)
#1827000
b1001011 0
b1011011 1
#1830000
0+
#1833000
0)
#1835000
1A
b10111 9
b10111 O
b1110 V
b10101 8
b10101 S
b10101 X
b11010 ;
b11010 N
b11010 P
b11001 :
b11001 R
b1101001 (
b1101001 4
b1101001 3
b1011001 2
1+
#1839500
b1011 >
b1011 I
b10100 7
b10100 [
b10101 Z
b1010 =
b1010 M
b1010 T
b1101 @
b1101 H
b1101 J
b1100 ?
b1100 L
b1011011 #
b1011011 G
1)
#1840000
b1001100 0
b1011100 1
0+
#1845000
06
b10111 9
b10111 O
0A
b10111 8
b10111 S
b10111 X
b11010 ;
b11010 N
b11010 P
b11010 :
b11010 R
b1110 <
b1110 W
b1010 V
1!
b1101010 (
b1101010 4
b1101010 3
b1011010 2
1+
#1846000
0)
#1850000
0+
#1852500
b1001 >
b1001 I
b1011 =
b1011 M
b1011 T
b1110 @
b1110 H
b1110 J
b1101 ?
b1101 L
b10101 7
b10101 [
b10111 Z
b1011100 #
b1011100 G
1)
#1853000
b1001101 0
b1011101 1
#1855000
b10110 9
b10110 O
b11011 ;
b11011 N
b11011 P
16
0!
b1010 <
b1010 W
b1011 V
1+
#1859000
0)
#1860000
0+
#1865000
b10010 9
b10010 O
b10110 8
b10110 S
b10110 X
b11100 ;
b11100 N
b11100 P
b11011 :
b11011 R
b1011 <
b1011 W
b1101011 (
b1101011 4
b1101011 3
b1011011 2
1+
#1865500
b1000 >
b1000 I
b10111 7
b10111 [
b10110 Z
b1001 =
b1001 M
b1001 T
b1111 @
b1111 H
b1111 J
b1110 ?
b1110 L
b1011101 #
b1011101 G
1)
#1866000
b1001110 0
b1011110 1
#1870000
0+
#1872000
0)
#1875000
1A
b10011 9
b10011 O
b1001 V
b10010 8
b10010 S
b10010 X
b11101 ;
b11101 N
b11101 P
b11100 :
b11100 R
b1101100 (
b1101100 4
b1101100 3
b1011100 2
1+
#1878500
b11000 >
b11000 I
b1000 =
b1000 M
b1000 T
b10000 @
b10000 H
b10000 J
b1111 ?
b1111 L
b10110 7
b10110 [
b10010 Z
b1011110 #
b1011110 G
1)
#1879000
b1001111 0
b1011111 1
#1880000
0+
#1885000
06
b10011 9
b10011 O
0A
b10011 8
b10011 S
b10011 X
b11101 ;
b11101 N
b11101 P
b11101 :
b11101 R
b1001 <
b1001 W
b1000 V
1!
b1101101 (
b1101101 4
b1101101 3
b1011101 2
1+
0)
#1890000
0+
#1891500
b11001 >
b11001 I
b10010 7
b10010 [
b10011 Z
b11000 =
b11000 M
b11000 T
b10001 @
b10001 H
b10001 J
b10000 ?
b10000 L
b1011111 #
b1011111 G
1)
#1892000
b1010000 0
b1100000 1
#1895000
0A
b10001 9
b10001 O
b11110 ;
b11110 N
b11110 P
16
0!
b1000 <
b1000 W
b11000 V
1+
#1898000
0)
#1900000
0+
#1904500
b11011 >
b11011 I
b11001 =
b11001 M
b11001 T
b10010 @
b10010 H
b10010 J
b10001 ?
b10001 L
b10011 7
b10011 [
b1100000 #
b1100000 G
1)
#1905000
0A
b10000 9
b10000 O
b10001 8
b10001 S
b10001 X
b11111 ;
b11111 N
b11111 P
b11110 :
b11110 R
b11000 <
b11000 W
b11001 V
b1101110 (
b1101110 4
b1101110 3
b1011110 2
b1010001 0
b1100001 1
1+
#1910000
0+
#1911000
0)
#1915000
b0 9
b0 O
b11001 <
b11001 W
b10000 8
b10000 S
b10000 X
b0 ;
b0 N
b0 P
b11111 :
b11111 R
b1101111 (
b1101111 4
b1101111 3
b1011111 2
1+
#1917500
b11010 >
b11010 I
b10000 Z
b11011 =
b11011 M
b11011 T
b10011 @
b10011 H
b10011 J
b10010 ?
b10010 L
b1100001 #
b1100001 G
1)
#1918000
b1010010 0
b1100010 1
#1920000
0+
#1924000
0)
#1925000
1A
b1 9
b1 O
b0 8
b0 S
b0 X
b1 ;
b1 N
b1 P
b0 :
b0 R
b11011 V
b1110000 (
b1110000 4
b1110000 3
b1100000 2
1+
#1930000
0+
#1930500
b11110 >
b11110 I
b11010 =
b11010 M
b11010 T
b10100 @
b10100 H
b10100 J
b10011 ?
b10011 L
b10000 7
b10000 [
b0 Z
b1100010 #
b1100010 G
1)
#1931000
b1010011 0
b1100011 1
#1935000
06
0A
b1 9
b1 O
1!
b11011 <
b11011 W
b11010 V
b1 8
b1 S
b1 X
b1 ;
b1 N
b1 P
b1 :
b1 R
b1110001 (
b1110001 4
b1110001 3
b1100001 2
1+
#1937000
0)
#1940000
0+
#1943500
b11111 >
b11111 I
b0 7
b0 [
b1 Z
b11110 =
b11110 M
b11110 T
b10101 @
b10101 H
b10101 J
b10100 ?
b10100 L
b1100011 #
b1100011 G
1)
#1944000
b1010100 0
b1100100 1
#1945000
0A
b11 9
b11 O
b10 ;
b10 N
b10 P
16
b11010 <
b11010 W
b11110 V
0!
1+
#1950000
0+
0)
#1955000
0A
b10 9
b10 O
b11110 <
b11110 W
b11 8
b11 S
b11 X
b11 ;
b11 N
b11 P
b10 :
b10 R
b1110010 (
b1110010 4
b1110010 3
b1100010 2
1+
#1956500
b11101 >
b11101 I
b11111 =
b11111 M
b11111 T
b10110 @
b10110 H
b10110 J
b10101 ?
b10101 L
b1 7
b1 [
b11 Z
b1100100 #
b1100100 G
1)
#1957000
b1010101 0
b1100101 1
#1960000
0+
#1963000
0)
#1965000
1A
b110 9
b110 O
b10 8
b10 S
b10 X
b100 ;
b100 N
b100 P
b11 :
b11 R
b11111 V
b1110011 (
b1110011 4
b1110011 3
b1100011 2
1+
#1969500
b11100 >
b11100 I
b11 7
b11 [
b10 Z
b11101 =
b11101 M
b11101 T
b10111 @
b10111 H
b10111 J
b10110 ?
b10110 L
b1100101 #
b1100101 G
1)
#1970000
b1010110 0
b1100110 1
0+
#1975000
06
0A
b110 9
b110 O
1!
b11111 <
b11111 W
b11101 V
b110 8
b110 S
b110 X
b100 ;
b100 N
b100 P
b100 :
b100 R
b1110100 (
b1110100 4
b1110100 3
b1100100 2
1+
#1976000
0)
#1980000
0+
#1982500
b10100 >
b10100 I
b11100 =
b11100 M
b11100 T
b11000 @
b11000 H
b11000 J
b10111 ?
b10111 L
b10 7
b10 [
b110 Z
b1100110 #
b1100110 G
1)
#1983000
b1010111 0
b1100111 1
#1985000
b111 9
b111 O
b101 ;
b101 N
b101 P
16
b11101 <
b11101 W
b11100 V
0!
1+
#1989000
0)
#1990000
0+
#1995000
0A
b101 9
b101 O
b11100 <
b11100 W
b111 8
b111 S
b111 X
b110 ;
b110 N
b110 P
b101 :
b101 R
b1110101 (
b1110101 4
b1110101 3
b1100101 2
1+
#1995500
b10101 >
b10101 I
b110 7
b110 [
b111 Z
b10100 =
b10100 M
b10100 T
b11001 @
b11001 H
b11001 J
b11000 ?
b11000 L
b1100111 #
b1100111 G
1)
#1996000
b1011000 0
b1101000 1
#2000000
0+
#2002000
0)
#2005000
1A
b100 9
b100 O
b101 8
b101 S
b101 X
b111 ;
b111 N
b111 P
b110 :
b110 R
b10100 V
b1110110 (
b1110110 4
b1110110 3
b1100110 2
1+
#2008500
b10111 >
b10111 I
b10101 =
b10101 M
b10101 T
b11010 @
b11010 H
b11010 J
b11001 ?
b11001 L
b111 7
b111 [
b101 Z
b1101000 #
b1101000 G
1)
#2009000
b1011001 0
b1101001 1
#2010000
0+
#2015000
06
0A
b100 9
b100 O
1!
b10100 <
b10100 W
b10101 V
b100 8
b100 S
b100 X
b111 ;
b111 N
b111 P
b111 :
b111 R
b1110111 (
b1110111 4
b1110111 3
b1100111 2
1+
0)
#2020000
0+
#2021500
b10110 >
b10110 I
b101 7
b101 [
b100 Z
b10111 =
b10111 M
b10111 T
b11011 @
b11011 H
b11011 J
b11010 ?
b11010 L
b1101001 #
b1101001 G
1)
#2022000
b1011010 0
b1101010 1
#2025000
b1100 9
b1100 O
b1000 ;
b1000 N
b1000 P
16
b10101 <
b10101 W
b10111 V
0!
1+
#2028000
0)
#2030000
0+
#2034500
b10010 >
b10010 I
b10110 =
b10110 M
b10110 T
b11100 @
b11100 H
b11100 J
b11011 ?
b11011 L
b100 7
b100 [
b1101010 #
b1101010 G
1)
#2035000
0A
b1101 9
b1101 O
b10111 <
b10111 W
b10110 V
b1100 8
b1100 S
b1100 X
b1001 ;
b1001 N
b1001 P
b1000 :
b1000 R
b1111000 (
b1111000 4
b1111000 3
b1101000 2
b1011011 0
b1101011 1
1+
#2040000
0+
#2041000
0)
#2045000
0A
b1111 9
b1111 O
b1101 8
b1101 S
b1101 X
b1010 ;
b1010 N
b1010 P
b1001 :
b1001 R
b10110 <
b10110 W
b1111001 (
b1111001 4
b1111001 3
b1101001 2
1+
#2047500
b10011 >
b10011 I
b1101 Z
b10010 =
b10010 M
b10010 T
b11101 @
b11101 H
b11101 J
b11100 ?
b11100 L
b1101011 #
b1101011 G
1)
#2048000
b1011100 0
b1101100 1
#2050000
0+
#2054000
0)
#2055000
1A
b1110 9
b1110 O
b10010 V
b1111 8
b1111 S
b1111 X
b1011 ;
b1011 N
b1011 P
b1010 :
b1010 R
b1111010 (
b1111010 4
b1111010 3
b1101010 2
1+
#2060000
0+
#2060500
b10001 >
b10001 I
b10011 =
b10011 M
b10011 T
b11110 @
b11110 H
b11110 J
b11101 ?
b11101 L
b1101 7
b1101 [
b1111 Z
b1101100 #
b1101100 G
1)
#2061000
b1011101 0
b1101101 1
#2065000
06
b1110 9
b1110 O
0A
b1110 8
b1110 S
b1110 X
b1011 ;
b1011 N
b1011 P
b1011 :
b1011 R
b10010 <
b10010 W
b10011 V
1!
b1111011 (
b1111011 4
b1111011 3
b1101011 2
1+
#2067000
0)
#2070000
0+
#2073500
b10000 >
b10000 I
b1111 7
b1111 [
b1110 Z
b10001 =
b10001 M
b10001 T
b11111 @
b11111 H
b11111 J
b11110 ?
b11110 L
b1101101 #
b1101101 G
1)
#2074000
b1011110 0
b1101110 1
#2075000
b1010 9
b1010 O
b1100 ;
b1100 N
b1100 P
16
0!
b10011 <
b10011 W
b10001 V
1+
#2080000
0+
0)
#2085000
b1011 9
b1011 O
b1010 8
b1010 S
b1010 X
b1101 ;
b1101 N
b1101 P
b1100 :
b1100 R
b10001 <
b10001 W
b1111100 (
b1111100 4
b1111100 3
b1101100 2
1+
#2086500
b0 >
b0 I
b10000 =
b10000 M
b10000 T
b0 @
b0 H
b0 J
b11111 ?
b11111 L
b1110 7
b1110 [
b1010 Z
b1101110 #
b1101110 G
1)
#2087000
b1011111 0
b1101111 1
#2090000
0+
#2093000
0)
#2095000
1A
b1001 9
b1001 O
b10000 V
b1011 8
b1011 S
b1011 X
b1110 ;
b1110 N
b1110 P
b1101 :
b1101 R
b1111101 (
b1111101 4
b1111101 3
b1101101 2
1+
#2099500
b1 >
b1 I
b1010 7
b1010 [
b1011 Z
b0 =
b0 M
b0 T
b1 @
b1 H
b1 J
b0 ?
b0 L
b1101111 #
b1101111 G
1)
#2100000
b1100000 0
b1110000 1
0+
#2105000
06
b1001 9
b1001 O
0A
b1001 8
b1001 S
b1001 X
b1110 ;
b1110 N
b1110 P
b1110 :
b1110 R
b10000 <
b10000 W
b0 V
1!
b1111110 (
b1111110 4
b1111110 3
b1101110 2
1+
#2106000
0)
#2110000
0+
#2112500
b11 >
b11 I
b1 =
b1 M
b1 T
b10 @
b10 H
b10 J
b1 ?
b1 L
b1011 7
b1011 [
b1001 Z
b1110000 #
b1110000 G
1)
#2113000
b1100001 0
b1110001 1
#2115000
b1000 9
b1000 O
b1111 ;
b1111 N
b1111 P
16
0!
b0 <
b0 W
b1 V
1+
#2119000
0)
#2120000
0+
#2125000
b11000 9
b11000 O
b1000 8
b1000 S
b1000 X
b10000 ;
b10000 N
b10000 P
b1111 :
b1111 R
b1 <
b1 W
b1111111 (
b1111111 4
b1111111 3
b1101111 2
1+
#2125500
b10 >
b10 I
b1001 7
b1001 [
b1000 Z
b11 =
b11 M
b11 T
b11 @
b11 H
b11 J
b10 ?
b10 L
b1110001 #
b1110001 G
1)
#2126000
b1100010 0
b1110010 1
#2130000
0+
#2132000
0)
#2135000
1A
b11001 9
b11001 O
b11 V
b11000 8
b11000 S
b11000 X
b10001 ;
b10001 N
b10001 P
b10000 :
b10000 R
b10000000 (
b10000000 4
b10000000 3
b1110000 2
1+
#2138500
b110 >
b110 I
b10 =
b10 M
b10 T
b100 @
b100 H
b100 J
b11 ?
b11 L
b1000 7
b1000 [
b11000 Z
b1110010 #
b1110010 G
1)
#2139000
b1100011 0
b1110011 1
#2140000
0+
#2145000
06
b11001 9
b11001 O
0A
b11001 8
b11001 S
b11001 X
b10001 ;
b10001 N
b10001 P
b10001 :
b10001 R
b11 <
b11 W
b10 V
1!
b10000001 (
b10000001 4
b10000001 3
b1110001 2
1+
0)
#2150000
0+
#2151500
b111 >
b111 I
b11000 7
b11000 [
b11001 Z
b110 =
b110 M
b110 T
b101 @
b101 H
b101 J
b100 ?
b100 L
b1110011 #
b1110011 G
1)
#2152000
b1100100 0
b1110100 1
#2155000
0A
b11011 9
b11011 O
b10010 ;
b10010 N
b10010 P
16
0!
b10 <
b10 W
b110 V
1+
#2158000
0)
#2160000
0+
#2164500
b101 >
b101 I
b111 =
b111 M
b111 T
b110 @
b110 H
b110 J
b101 ?
b101 L
b11001 7
b11001 [
b1110100 #
b1110100 G
1)
#2165000
b11010 9
b11010 O
b11011 8
b11011 S
b11011 X
b10011 ;
b10011 N
b10011 P
b10010 :
b10010 R
b110 <
b110 W
b111 V
b10000010 (
b10000010 4
b10000010 3
b1110010 2
b1100101 0
b1110101 1
1+
#2170000
0+
#2171000
0)
#2175000
b11110 9
b11110 O
b111 <
b111 W
b11010 8
b11010 S
b11010 X
b10100 ;
b10100 N
b10100 P
b10011 :
b10011 R
b10000011 (
b10000011 4
b10000011 3
b1110011 2
1+
#2177500
b100 >
b100 I
b11010 Z
b101 =
b101 M
b101 T
b111 @
b111 H
b111 J
b110 ?
b110 L
b1110101 #
b1110101 G
1)
#2178000
b1100110 0
b1110110 1
#2180000
0+
#2184000
0)
#2185000
1A
b11111 9
b11111 O
b11110 8
b11110 S
b11110 X
b10101 ;
b10101 N
b10101 P
b10100 :
b10100 R
b101 V
b10000100 (
b10000100 4
b10000100 3
b1110100 2
1+
#2190000
0+
#2190500
b1100 >
b1100 I
b100 =
b100 M
b100 T
b1000 @
b1000 H
b1000 J
b111 ?
b111 L
b11010 7
b11010 [
b11110 Z
b1110110 #
b1110110 G
1)
#2191000
b1100111 0
b1110111 1
#2195000
06
0A
b11111 9
b11111 O
1!
b101 <
b101 W
b100 V
b11111 8
b11111 S
b11111 X
b10101 ;
b10101 N
b10101 P
b10101 :
b10101 R
b10000101 (
b10000101 4
b10000101 3
b1110101 2
1+
#2197000
0)
#2200000
0+
#2203500
b1101 >
b1101 I
b11110 7
b11110 [
b11111 Z
b1100 =
b1100 M
b1100 T
b1001 @
b1001 H
b1001 J
b1000 ?
b1000 L
b1110111 #
b1110111 G
1)
#2204000
b1101000 0
b1111000 1
#2205000
0A
b11101 9
b11101 O
b10110 ;
b10110 N
b10110 P
16
b100 <
b100 W
b1100 V
0!
1+
#2210000
0+
0)
#2215000
0A
b11100 9
b11100 O
b1100 <
b1100 W
b11101 8
b11101 S
b11101 X
b10111 ;
b10111 N
b10111 P
b10110 :
b10110 R
b10000110 (
b10000110 4
b10000110 3
b1110110 2
1+
#2216500
b1111 >
b1111 I
b1101 =
b1101 M
b1101 T
b1010 @
b1010 H
b1010 J
b1001 ?
b1001 L
b11111 7
b11111 [
b11101 Z
b1111000 #
b1111000 G
1)
#2217000
b1101001 0
b1111001 1
#2220000
0+
#2223000
0)
#2225000
1A
b10100 9
b10100 O
b11100 8
b11100 S
b11100 X
b11000 ;
b11000 N
b11000 P
b10111 :
b10111 R
b1101 V
b10000111 (
b10000111 4
b10000111 3
b1110111 2
1+
#2229500
b1110 >
b1110 I
b11101 7
b11101 [
b11100 Z
b1111 =
b1111 M
b1111 T
b1011 @
b1011 H
b1011 J
b1010 ?
b1010 L
b1111001 #
b1111001 G
1)
#2230000
b1101010 0
b1111010 1
0+
#2235000
06
0A
b10100 9
b10100 O
1!
b1101 <
b1101 W
b1111 V
b10100 8
b10100 S
b10100 X
b11000 ;
b11000 N
b11000 P
b11000 :
b11000 R
b10001000 (
b10001000 4
b10001000 3
b1111000 2
1+
#2236000
0)
#2240000
0+
#2242500
b1010 >
b1010 I
b1110 =
b1110 M
b1110 T
b1100 @
b1100 H
b1100 J
b1011 ?
b1011 L
b11100 7
b11100 [
b10100 Z
b1111010 #
b1111010 G
1)
#2243000
b1101011 0
b1111011 1
#2245000
b10101 9
b10101 O
b11001 ;
b11001 N
b11001 P
16
b1111 <
b1111 W
b1110 V
0!
1+
#2249000
0)
#2250000
0+
#2255000
0A
b10111 9
b10111 O
b1110 <
b1110 W
b10101 8
b10101 S
b10101 X
b11010 ;
b11010 N
b11010 P
b11001 :
b11001 R
b10001001 (
b10001001 4
b10001001 3
b1111001 2
1+
#2255500
b1011 >
b1011 I
b10100 7
b10100 [
b10101 Z
b1010 =
b1010 M
b1010 T
b1101 @
b1101 H
b1101 J
b1100 ?
b1100 L
b1111011 #
b1111011 G
1)
#2256000
b1101100 0
b1111100 1
#2260000
0+
#2262000
0)
#2265000
1A
b10110 9
b10110 O
b10111 8
b10111 S
b10111 X
b11011 ;
b11011 N
b11011 P
b11010 :
b11010 R
b1010 V
b10001010 (
b10001010 4
b10001010 3
b1111010 2
1+
#2268500
b1001 >
b1001 I
b1011 =
b1011 M
b1011 T
b1110 @
b1110 H
b1110 J
b1101 ?
b1101 L
b10101 7
b10101 [
b10111 Z
b1111100 #
b1111100 G
1)
#2269000
b1101101 0
b1111101 1
#2270000
0+
#2275000
06
0A
b10110 9
b10110 O
1!
b1010 <
b1010 W
b1011 V
b10110 8
b10110 S
b10110 X
b11011 ;
b11011 N
b11011 P
b11011 :
b11011 R
b10001011 (
b10001011 4
b10001011 3
b1111011 2
1+
0)
#2280000
0+
#2281500
b1000 >
b1000 I
b10111 7
b10111 [
b10110 Z
b1001 =
b1001 M
b1001 T
b1111 @
b1111 H
b1111 J
b1110 ?
b1110 L
b1111101 #
b1111101 G
1)
#2282000
b1101110 0
b1111110 1
#2285000
b10010 9
b10010 O
b11100 ;
b11100 N
b11100 P
16
b1011 <
b1011 W
b1001 V
0!
1+
#2288000
0)
#2290000
0+
#2294500
b11000 >
b11000 I
b1000 =
b1000 M
b1000 T
b10000 @
b10000 H
b10000 J
b1111 ?
b1111 L
b10110 7
b10110 [
b1111110 #
b1111110 G
1)
#2295000
0A
b10011 9
b10011 O
b1001 <
b1001 W
b1000 V
b10010 8
b10010 S
b10010 X
b11101 ;
b11101 N
b11101 P
b11100 :
b11100 R
b10001100 (
b10001100 4
b10001100 3
b1111100 2
b1101111 0
b1111111 1
1+
#2300000
0+
#2301000
0)
#2305000
0A
b10001 9
b10001 O
b10011 8
b10011 S
b10011 X
b11110 ;
b11110 N
b11110 P
b11101 :
b11101 R
b1000 <
b1000 W
b10001101 (
b10001101 4
b10001101 3
b1111101 2
1+
#2307500
b11001 >
b11001 I
b10011 Z
b11000 =
b11000 M
b11000 T
b10001 @
b10001 H
b10001 J
b10000 ?
b10000 L
b1111111 #
b1111111 G
1)
#2308000
b1110000 0
b10000000 1
#2310000
0+
#2314000
0)
#2315000
1A
b10000 9
b10000 O
b11000 V
b10001 8
b10001 S
b10001 X
b11111 ;
b11111 N
b11111 P
b11110 :
b11110 R
b10001110 (
b10001110 4
b10001110 3
b1111110 2
1+
#2320000
0+
#2320500
b11011 >
b11011 I
b11001 =
b11001 M
b11001 T
b10010 @
b10010 H
b10010 J
b10001 ?
b10001 L
b10011 7
b10011 [
b10001 Z
b10000000 #
b10000000 G
1)
#2321000
b1110001 0
b10000001 1
#2325000
06
0A
b10000 9
b10000 O
b10000 8
b10000 S
b10000 X
b11111 ;
b11111 N
b11111 P
b11111 :
b11111 R
b11000 <
b11000 W
b11001 V
1!
b10001111 (
b10001111 4
b10001111 3
b1111111 2
1+
#2327000
0)
#2330000
0+
#2333500
b11010 >
b11010 I
b10001 7
b10001 [
b10000 Z
b11011 =
b11011 M
b11011 T
b10011 @
b10011 H
b10011 J
b10010 ?
b10010 L
b10000001 #
b10000001 G
1)
#2334000
b1110010 0
b10000010 1
#2335000
b0 9
b0 O
b0 ;
b0 N
b0 P
16
0!
b11001 <
b11001 W
b11011 V
1+
#2340000
0+
0)
#2345000
b1 9
b1 O
b0 8
b0 S
b0 X
b1 ;
b1 N
b1 P
b0 :
b0 R
b11011 <
b11011 W
b10010000 (
b10010000 4
b10010000 3
b10000000 2
1+
#2346500
b11110 >
b11110 I
b11010 =
b11010 M
b11010 T
b10100 @
b10100 H
b10100 J
b10011 ?
b10011 L
b10000 7
b10000 [
b0 Z
b10000010 #
b10000010 G
1)
#2347000
b1110011 0
b10000011 1
#2350000
0+
#2353000
0)
#2355000
1A
b11 9
b11 O
b11010 V
b1 8
b1 S
b1 X
b10 ;
b10 N
b10 P
b1 :
b1 R
b10010001 (
b10010001 4
b10010001 3
b10000001 2
1+
#2359500
b11111 >
b11111 I
b0 7
b0 [
b1 Z
b11110 =
b11110 M
b11110 T
b10101 @
b10101 H
b10101 J
b10100 ?
b10100 L
b10000011 #
b10000011 G
1)
#2360000
b1110100 0
b10000100 1
0+
#2365000
06
b11 9
b11 O
0A
b11 8
b11 S
b11 X
b10 ;
b10 N
b10 P
b10 :
b10 R
b11010 <
b11010 W
b11110 V
1!
b10010010 (
b10010010 4
b10010010 3
b10000010 2
1+
#2366000
0)
#2370000
0+
#2372500
b11101 >
b11101 I
b11111 =
b11111 M
b11111 T
b10110 @
b10110 H
b10110 J
b10101 ?
b10101 L
b1 7
b1 [
b11 Z
b10000100 #
b10000100 G
1)
#2373000
b1110101 0
b10000101 1
#2375000
b10 9
b10 O
b11 ;
b11 N
b11 P
16
0!
b11110 <
b11110 W
b11111 V
1+
#2379000
0)
#2380000
0+
#2385000
b110 9
b110 O
b10 8
b10 S
b10 X
b100 ;
b100 N
b100 P
b11 :
b11 R
b11111 <
b11111 W
b10010011 (
b10010011 4
b10010011 3
b10000011 2
1+
#2385500
b11100 >
b11100 I
b11 7
b11 [
b10 Z
b11101 =
b11101 M
b11101 T
b10111 @
b10111 H
b10111 J
b10110 ?
b10110 L
b10000101 #
b10000101 G
1)
#2386000
b1110110 0
b10000110 1
#2390000
0+
#2392000
0)
#2395000
1A
b111 9
b111 O
b11101 V
b110 8
b110 S
b110 X
b101 ;
b101 N
b101 P
b100 :
b100 R
b10010100 (
b10010100 4
b10010100 3
b10000100 2
1+
#2398500
b10100 >
b10100 I
b11100 =
b11100 M
b11100 T
b11000 @
b11000 H
b11000 J
b10111 ?
b10111 L
b10 7
b10 [
b110 Z
b10000110 #
b10000110 G
1)
#2399000
b1110111 0
b10000111 1
#2400000
0+
#2405000
06
b111 9
b111 O
0A
b111 8
b111 S
b111 X
b101 ;
b101 N
b101 P
b101 :
b101 R
b11101 <
b11101 W
b11100 V
1!
b10010101 (
b10010101 4
b10010101 3
b10000101 2
1+
0)
#2410000
0+
#2411500
b10101 >
b10101 I
b110 7
b110 [
b111 Z
b10100 =
b10100 M
b10100 T
b11001 @
b11001 H
b11001 J
b11000 ?
b11000 L
b10000111 #
b10000111 G
1)
#2412000
b1111000 0
b10001000 1
#2415000
0A
b101 9
b101 O
b110 ;
b110 N
b110 P
16
0!
b11100 <
b11100 W
b10100 V
1+
#2418000
0)
#2420000
0+
#2424500
b10111 >
b10111 I
b10101 =
b10101 M
b10101 T
b11010 @
b11010 H
b11010 J
b11001 ?
b11001 L
b111 7
b111 [
b10001000 #
b10001000 G
1)
#2425000
0A
b100 9
b100 O
b101 8
b101 S
b101 X
b111 ;
b111 N
b111 P
b110 :
b110 R
b10100 <
b10100 W
b10101 V
b10010110 (
b10010110 4
b10010110 3
b10000110 2
b1111001 0
b10001001 1
1+
#2430000
0+
#2431000
0)
#2435000
b1100 9
b1100 O
b10101 <
b10101 W
b100 8
b100 S
b100 X
b1000 ;
b1000 N
b1000 P
b111 :
b111 R
b10010111 (
b10010111 4
b10010111 3
b10000111 2
1+
#2437500
b10110 >
b10110 I
b100 Z
b10111 =
b10111 M
b10111 T
b11011 @
b11011 H
b11011 J
b11010 ?
b11010 L
b10001001 #
b10001001 G
1)
#2438000
b1111010 0
b10001010 1
#2440000
0+
#2444000
0)
#2445000
1A
b1101 9
b1101 O
b1100 8
b1100 S
b1100 X
b1001 ;
b1001 N
b1001 P
b1000 :
b1000 R
b10111 V
b10011000 (
b10011000 4
b10011000 3
b10001000 2
1+
#2450000
0+
#2450500
b10010 >
b10010 I
b10110 =
b10110 M
b10110 T
b11100 @
b11100 H
b11100 J
b11011 ?
b11011 L
b100 7
b100 [
b1100 Z
b10001010 #
b10001010 G
1)
#2451000
b1111011 0
b10001011 1
#2455000
06
0A
b1101 9
b1101 O
1!
b10111 <
b10111 W
b10110 V
b1101 8
b1101 S
b1101 X
b1001 ;
b1001 N
b1001 P
b1001 :
b1001 R
b10011001 (
b10011001 4
b10011001 3
b10001001 2
1+
#2457000
0)
#2460000
0+
#2463500
b10011 >
b10011 I
b1100 7
b1100 [
b1101 Z
b10010 =
b10010 M
b10010 T
b11101 @
b11101 H
b11101 J
b11100 ?
b11100 L
b10001011 #
b10001011 G
1)
#2464000
b1111100 0
b10001100 1
#2465000
0A
b1111 9
b1111 O
b1010 ;
b1010 N
b1010 P
16
b10110 <
b10110 W
b10010 V
0!
1+
#2470000
0+
0)
#2475000
0A
b1110 9
b1110 O
b10010 <
b10010 W
b1111 8
b1111 S
b1111 X
b1011 ;
b1011 N
b1011 P
b1010 :
b1010 R
b10011010 (
b10011010 4
b10011010 3
b10001010 2
1+
#2476500
b10001 >
b10001 I
b10011 =
b10011 M
b10011 T
b11110 @
b11110 H
b11110 J
b11101 ?
b11101 L
b1101 7
b1101 [
b1111 Z
b10001100 #
b10001100 G
1)
#2477000
b1111101 0
b10001101 1
#2480000
0+
#2483000
0)
#2485000
1A
b1010 9
b1010 O
b1110 8
b1110 S
b1110 X
b1100 ;
b1100 N
b1100 P
b1011 :
b1011 R
b10011 V
b10011011 (
b10011011 4
b10011011 3
b10001011 2
1+
#2489500
b10000 >
b10000 I
b1111 7
b1111 [
b1110 Z
b10001 =
b10001 M
b10001 T
b11111 @
b11111 H
b11111 J
b11110 ?
b11110 L
b10001101 #
b10001101 G
1)
#2490000
b1111110 0
b10001110 1
0+
#2495000
06
0A
b1010 9
b1010 O
1!
b10011 <
b10011 W
b10001 V
b1010 8
b1010 S
b1010 X
b1100 ;
b1100 N
b1100 P
b1100 :
b1100 R
b10011100 (
b10011100 4
b10011100 3
b10001100 2
1+
#2496000
0)
#2500000
0+
#2502500
b0 >
b0 I
b10000 =
b10000 M
b10000 T
b0 @
b0 H
b0 J
b11111 ?
b11111 L
b1110 7
b1110 [
b1010 Z
b10001110 #
b10001110 G
1)
#2503000
b1111111 0
b10001111 1
#2505000
b1011 9
b1011 O
b1101 ;
b1101 N
b1101 P
16
b10001 <
b10001 W
b10000 V
0!
1+
#2509000
0)
#2510000
0+
#2515000
0A
b1001 9
b1001 O
b10000 <
b10000 W
b1011 8
b1011 S
b1011 X
b1110 ;
b1110 N
b1110 P
b1101 :
b1101 R
b10011101 (
b10011101 4
b10011101 3
b10001101 2
1+
#2515500
b1 >
b1 I
b1010 7
b1010 [
b1011 Z
b0 =
b0 M
b0 T
b1 @
b1 H
b1 J
b0 ?
b0 L
b10001111 #
b10001111 G
1)
#2516000
b10000000 0
b10010000 1
#2520000
0+
#2522000
0)
#2525000
1A
b1000 9
b1000 O
b1001 8
b1001 S
b1001 X
b1111 ;
b1111 N
b1111 P
b1110 :
b1110 R
b0 V
b10011110 (
b10011110 4
b10011110 3
b10001110 2
1+
#2528500
b11 >
b11 I
b1 =
b1 M
b1 T
b10 @
b10 H
b10 J
b1 ?
b1 L
b1011 7
b1011 [
b1001 Z
b10010000 #
b10010000 G
1)
#2529000
b10000001 0
b10010001 1
#2530000
0+
#2535000
06
0A
b1000 9
b1000 O
1!
b0 <
b0 W
b1 V
b1000 8
b1000 S
b1000 X
b1111 ;
b1111 N
b1111 P
b1111 :
b1111 R
b10011111 (
b10011111 4
b10011111 3
b10001111 2
1+
0)
#2540000
0+
#2541500
b10 >
b10 I
b1001 7
b1001 [
b1000 Z
b11 =
b11 M
b11 T
b11 @
b11 H
b11 J
b10 ?
b10 L
b10010001 #
b10010001 G
1)
#2542000
b10000010 0
b10010010 1
#2545000
b11000 9
b11000 O
b10000 ;
b10000 N
b10000 P
16
b1 <
b1 W
b11 V
0!
1+
#2548000
0)
#2550000
0+
#2554500
b110 >
b110 I
b10 =
b10 M
b10 T
b100 @
b100 H
b100 J
b11 ?
b11 L
b1000 7
b1000 [
b10010010 #
b10010010 G
1)
#2555000
0A
b11001 9
b11001 O
b11 <
b11 W
b10 V
b11000 8
b11000 S
b11000 X
b10001 ;
b10001 N
b10001 P
b10000 :
b10000 R
b10100000 (
b10100000 4
b10100000 3
b10010000 2
b10000011 0
b10010011 1
1+
#2560000
0+
#2561000
0)
#2565000
0A
b11011 9
b11011 O
b11001 8
b11001 S
b11001 X
b10010 ;
b10010 N
b10010 P
b10001 :
b10001 R
b10 <
b10 W
b10100001 (
b10100001 4
b10100001 3
b10010001 2
1+
#2567500
b111 >
b111 I
b11001 Z
b110 =
b110 M
b110 T
b101 @
b101 H
b101 J
b100 ?
b100 L
b10010011 #
b10010011 G
1)
#2568000
b10000100 0
b10010100 1
#2570000
0+
#2574000
0)
#2575000
1A
b11010 9
b11010 O
b110 V
b11011 8
b11011 S
b11011 X
b10011 ;
b10011 N
b10011 P
b10010 :
b10010 R
b10100010 (
b10100010 4
b10100010 3
b10010010 2
1+
#2580000
0+
#2580500
b101 >
b101 I
b111 =
b111 M
b111 T
b110 @
b110 H
b110 J
b101 ?
b101 L
b11001 7
b11001 [
b11011 Z
b10010100 #
b10010100 G
1)
#2581000
b10000101 0
b10010101 1
#2585000
06
b11010 9
b11010 O
0A
b11010 8
b11010 S
b11010 X
b10011 ;
b10011 N
b10011 P
b10011 :
b10011 R
b110 <
b110 W
b111 V
1!
b10100011 (
b10100011 4
b10100011 3
b10010011 2
1+
#2587000
0)
#2590000
0+
#2593500
b100 >
b100 I
b11011 7
b11011 [
b11010 Z
b101 =
b101 M
b101 T
b111 @
b111 H
b111 J
b110 ?
b110 L
b10010101 #
b10010101 G
1)
#2594000
b10000110 0
b10010110 1
#2595000
b11110 9
b11110 O
b10100 ;
b10100 N
b10100 P
16
0!
b111 <
b111 W
b101 V
1+
#2600000
0+
0)
#2605000
b11111 9
b11111 O
b11110 8
b11110 S
b11110 X
b10101 ;
b10101 N
b10101 P
b10100 :
b10100 R
b101 <
b101 W
b10100100 (
b10100100 4
b10100100 3
b10010100 2
1+
#2606500
b1100 >
b1100 I
b100 =
b100 M
b100 T
b1000 @
b1000 H
b1000 J
b111 ?
b111 L
b11010 7
b11010 [
b11110 Z
b10010110 #
b10010110 G
1)
#2607000
b10000111 0
b10010111 1
#2610000
0+
#2613000
0)
#2615000
1A
b11101 9
b11101 O
b100 V
b11111 8
b11111 S
b11111 X
b10110 ;
b10110 N
b10110 P
b10101 :
b10101 R
b10100101 (
b10100101 4
b10100101 3
b10010101 2
1+
#2619500
b1101 >
b1101 I
b11110 7
b11110 [
b11111 Z
b1100 =
b1100 M
b1100 T
b1001 @
b1001 H
b1001 J
b1000 ?
b1000 L
b10010111 #
b10010111 G
1)
#2620000
b10001000 0
b10011000 1
0+
#2625000
06
b11101 9
b11101 O
0A
b11101 8
b11101 S
b11101 X
b10110 ;
b10110 N
b10110 P
b10110 :
b10110 R
b100 <
b100 W
b1100 V
1!
b10100110 (
b10100110 4
b10100110 3
b10010110 2
1+
#2626000
0)
#2630000
0+
#2632500
b1111 >
b1111 I
b1101 =
b1101 M
b1101 T
b1010 @
b1010 H
b1010 J
b1001 ?
b1001 L
b11111 7
b11111 [
b11101 Z
b10011000 #
b10011000 G
1)
#2633000
b10001001 0
b10011001 1
#2635000
b11100 9
b11100 O
b10111 ;
b10111 N
b10111 P
16
0!
b1100 <
b1100 W
b1101 V
1+
#2639000
0)
#2640000
0+
#2645000
b10100 9
b10100 O
b11100 8
b11100 S
b11100 X
b11000 ;
b11000 N
b11000 P
b10111 :
b10111 R
b1101 <
b1101 W
b10100111 (
b10100111 4
b10100111 3
b10010111 2
1+
#2645500
b1110 >
b1110 I
b11101 7
b11101 [
b11100 Z
b1111 =
b1111 M
b1111 T
b1011 @
b1011 H
b1011 J
b1010 ?
b1010 L
b10011001 #
b10011001 G
1)
#2646000
b10001010 0
b10011010 1
#2650000
0+
#2652000
0)
#2655000
1A
b10101 9
b10101 O
b1111 V
b10100 8
b10100 S
b10100 X
b11001 ;
b11001 N
b11001 P
b11000 :
b11000 R
b10101000 (
b10101000 4
b10101000 3
b10011000 2
1+
#2658500
b1010 >
b1010 I
b1110 =
b1110 M
b1110 T
b1100 @
b1100 H
b1100 J
b1011 ?
b1011 L
b11100 7
b11100 [
b10100 Z
b10011010 #
b10011010 G
1)
#2659000
b10001011 0
b10011011 1
#2660000
0+
#2665000
06
b10101 9
b10101 O
0A
b10101 8
b10101 S
b10101 X
b11001 ;
b11001 N
b11001 P
b11001 :
b11001 R
b1111 <
b1111 W
b1110 V
1!
b10101001 (
b10101001 4
b10101001 3
b10011001 2
1+
0)
#2670000
0+
#2671500
b1011 >
b1011 I
b10100 7
b10100 [
b10101 Z
b1010 =
b1010 M
b1010 T
b1101 @
b1101 H
b1101 J
b1100 ?
b1100 L
b10011011 #
b10011011 G
1)
#2672000
b10001100 0
b10011100 1
#2675000
0A
b10111 9
b10111 O
b11010 ;
b11010 N
b11010 P
16
0!
b1110 <
b1110 W
b1010 V
1+
#2678000
0)
#2680000
0+
#2684500
b1001 >
b1001 I
b1011 =
b1011 M
b1011 T
b1110 @
b1110 H
b1110 J
b1101 ?
b1101 L
b10101 7
b10101 [
b10011100 #
b10011100 G
1)
#2685000
b10110 9
b10110 O
b10111 8
b10111 S
b10111 X
b11011 ;
b11011 N
b11011 P
b11010 :
b11010 R
b1010 <
b1010 W
b1011 V
b10101010 (
b10101010 4
b10101010 3
b10011010 2
b10001101 0
b10011101 1
1+
#2690000
0+
#2691000
0)
#2695000
b10010 9
b10010 O
b1011 <
b1011 W
b10110 8
b10110 S
b10110 X
b11100 ;
b11100 N
b11100 P
b11011 :
b11011 R
b10101011 (
b10101011 4
b10101011 3
b10011011 2
1+
#2697500
b1000 >
b1000 I
b10110 Z
b1001 =
b1001 M
b1001 T
b1111 @
b1111 H
b1111 J
b1110 ?
b1110 L
b10011101 #
b10011101 G
1)
#2698000
b10001110 0
b10011110 1
#2700000
0+
#2704000
0)
#2705000
1A
b10011 9
b10011 O
b10010 8
b10010 S
b10010 X
b11101 ;
b11101 N
b11101 P
b11100 :
b11100 R
b1001 V
b10101100 (
b10101100 4
b10101100 3
b10011100 2
1+
#2710000
0+
#2710500
b11000 >
b11000 I
b1000 =
b1000 M
b1000 T
b10000 @
b10000 H
b10000 J
b1111 ?
b1111 L
b10110 7
b10110 [
b10010 Z
b10011110 #
b10011110 G
1)
#2711000
b10001111 0
b10011111 1
#2715000
06
0A
b10011 9
b10011 O
1!
b1001 <
b1001 W
b1000 V
b10011 8
b10011 S
b10011 X
b11101 ;
b11101 N
b11101 P
b11101 :
b11101 R
b10101101 (
b10101101 4
b10101101 3
b10011101 2
1+
#2717000
0)
#2720000
0+
#2723500
b11001 >
b11001 I
b10010 7
b10010 [
b10011 Z
b11000 =
b11000 M
b11000 T
b10001 @
b10001 H
b10001 J
b10000 ?
b10000 L
b10011111 #
b10011111 G
1)
#2724000
b10010000 0
b10100000 1
#2725000
0A
b10001 9
b10001 O
b11110 ;
b11110 N
b11110 P
16
b1000 <
b1000 W
b11000 V
0!
1+
#2730000
0+
0)
#2735000
0A
b10000 9
b10000 O
b11000 <
b11000 W
b10001 8
b10001 S
b10001 X
b11111 ;
b11111 N
b11111 P
b11110 :
b11110 R
b10101110 (
b10101110 4
b10101110 3
b10011110 2
1+
#2736500
b11011 >
b11011 I
b11001 =
b11001 M
b11001 T
b10010 @
b10010 H
b10010 J
b10001 ?
b10001 L
b10011 7
b10011 [
b10001 Z
b10100000 #
b10100000 G
1)
#2737000
b10010001 0
b10100001 1
#2740000
0+
#2743000
0)
#2745000
1A
b0 9
b0 O
b10000 8
b10000 S
b10000 X
b0 ;
b0 N
b0 P
b11111 :
b11111 R
b11001 V
b10101111 (
b10101111 4
b10101111 3
b10011111 2
1+
#2749500
b11010 >
b11010 I
b10001 7
b10001 [
b10000 Z
b11011 =
b11011 M
b11011 T
b10011 @
b10011 H
b10011 J
b10010 ?
b10010 L
b10100001 #
b10100001 G
1)
#2750000
b10010010 0
b10100010 1
0+
#2755000
06
0A
b0 9
b0 O
1!
b11001 <
b11001 W
b11011 V
b0 8
b0 S
b0 X
b0 ;
b0 N
b0 P
b0 :
b0 R
b10110000 (
b10110000 4
b10110000 3
b10100000 2
1+
#2756000
0)
#2760000
0+
#2762500
b11110 >
b11110 I
b11010 =
b11010 M
b11010 T
b10100 @
b10100 H
b10100 J
b10011 ?
b10011 L
b10000 7
b10000 [
b0 Z
b10100010 #
b10100010 G
1)
#2763000
b10010011 0
b10100011 1
#2765000
b1 9
b1 O
b1 ;
b1 N
b1 P
16
b11011 <
b11011 W
b11010 V
0!
1+
#2769000
0)
#2770000
0+
#2775000
0A
b11 9
b11 O
b11010 <
b11010 W
b1 8
b1 S
b1 X
b10 ;
b10 N
b10 P
b1 :
b1 R
b10110001 (
b10110001 4
b10110001 3
b10100001 2
1+
#2775500
b11111 >
b11111 I
b0 7
b0 [
b1 Z
b11110 =
b11110 M
b11110 T
b10101 @
b10101 H
b10101 J
b10100 ?
b10100 L
b10100011 #
b10100011 G
1)
#2776000
b10010100 0
b10100100 1
#2780000
0+
#2782000
0)
#2785000
1A
b10 9
b10 O
b11 8
b11 S
b11 X
b11 ;
b11 N
b11 P
b10 :
b10 R
b11110 V
b10110010 (
b10110010 4
b10110010 3
b10100010 2
1+
#2788500
b11101 >
b11101 I
b11111 =
b11111 M
b11111 T
b10110 @
b10110 H
b10110 J
b10101 ?
b10101 L
b1 7
b1 [
b11 Z
b10100100 #
b10100100 G
1)
#2789000
b10010101 0
b10100101 1
#2790000
0+
#2795000
06
0A
b10 9
b10 O
1!
b11110 <
b11110 W
b11111 V
b10 8
b10 S
b10 X
b11 ;
b11 N
b11 P
b11 :
b11 R
b10110011 (
b10110011 4
b10110011 3
b10100011 2
1+
0)
#2800000
0+
#2801500
b11100 >
b11100 I
b11 7
b11 [
b10 Z
b11101 =
b11101 M
b11101 T
b10111 @
b10111 H
b10111 J
b10110 ?
b10110 L
b10100101 #
b10100101 G
1)
#2802000
b10010110 0
b10100110 1
#2805000
b110 9
b110 O
b100 ;
b100 N
b100 P
16
b11111 <
b11111 W
b11101 V
0!
1+
#2808000
0)
#2810000
0+
#2814500
b10100 >
b10100 I
b11100 =
b11100 M
b11100 T
b11000 @
b11000 H
b11000 J
b10111 ?
b10111 L
b10 7
b10 [
b10100110 #
b10100110 G
1)
#2815000
0A
b111 9
b111 O
b11101 <
b11101 W
b11100 V
b110 8
b110 S
b110 X
b101 ;
b101 N
b101 P
b100 :
b100 R
b10110100 (
b10110100 4
b10110100 3
b10100100 2
b10010111 0
b10100111 1
1+
#2820000
0+
#2821000
0)
#2825000
0A
b101 9
b101 O
b111 8
b111 S
b111 X
b110 ;
b110 N
b110 P
b101 :
b101 R
b11100 <
b11100 W
b10110101 (
b10110101 4
b10110101 3
b10100101 2
1+
#2827500
b10101 >
b10101 I
b111 Z
b10100 =
b10100 M
b10100 T
b11001 @
b11001 H
b11001 J
b11000 ?
b11000 L
b10100111 #
b10100111 G
1)
#2828000
b10011000 0
b10101000 1
#2830000
0+
#2834000
0)
#2835000
1A
b100 9
b100 O
b10100 V
b101 8
b101 S
b101 X
b111 ;
b111 N
b111 P
b110 :
b110 R
b10110110 (
b10110110 4
b10110110 3
b10100110 2
1+
#2840000
0+
#2840500
b10111 >
b10111 I
b10101 =
b10101 M
b10101 T
b11010 @
b11010 H
b11010 J
b11001 ?
b11001 L
b111 7
b111 [
b101 Z
b10101000 #
b10101000 G
1)
#2841000
b10011001 0
b10101001 1
#2845000
06
0A
b100 9
b100 O
b100 8
b100 S
b100 X
b111 ;
b111 N
b111 P
b111 :
b111 R
b10100 <
b10100 W
b10101 V
1!
b10110111 (
b10110111 4
b10110111 3
b10100111 2
1+
#2847000
0)
#2850000
0+
#2853500
b10110 >
b10110 I
b101 7
b101 [
b100 Z
b10111 =
b10111 M
b10111 T
b11011 @
b11011 H
b11011 J
b11010 ?
b11010 L
b10101001 #
b10101001 G
1)
#2854000
b10011010 0
b10101010 1
#2855000
b1100 9
b1100 O
b1000 ;
b1000 N
b1000 P
16
0!
b10101 <
b10101 W
b10111 V
1+
#2860000
0+
0)
#2865000
b1101 9
b1101 O
b1100 8
b1100 S
b1100 X
b1001 ;
b1001 N
b1001 P
b1000 :
b1000 R
b10111 <
b10111 W
b10111000 (
b10111000 4
b10111000 3
b10101000 2
1+
#2866500
b10010 >
b10010 I
b10110 =
b10110 M
b10110 T
b11100 @
b11100 H
b11100 J
b11011 ?
b11011 L
b100 7
b100 [
b1100 Z
b10101010 #
b10101010 G
1)
#2867000
b10011011 0
b10101011 1
#2870000
0+
#2873000
0)
#2875000
1A
b1111 9
b1111 O
b10110 V
b1101 8
b1101 S
b1101 X
b1010 ;
b1010 N
b1010 P
b1001 :
b1001 R
b10111001 (
b10111001 4
b10111001 3
b10101001 2
1+
#2879500
b10011 >
b10011 I
b1100 7
b1100 [
b1101 Z
b10010 =
b10010 M
b10010 T
b11101 @
b11101 H
b11101 J
b11100 ?
b11100 L
b10101011 #
b10101011 G
1)
#2880000
b10011100 0
b10101100 1
0+
#2885000
06
b1111 9
b1111 O
0A
b1111 8
b1111 S
b1111 X
b1010 ;
b1010 N
b1010 P
b1010 :
b1010 R
b10110 <
b10110 W
b10010 V
1!
b10111010 (
b10111010 4
b10111010 3
b10101010 2
1+
#2886000
0)
#2890000
0+
#2892500
b10001 >
b10001 I
b10011 =
b10011 M
b10011 T
b11110 @
b11110 H
b11110 J
b11101 ?
b11101 L
b1101 7
b1101 [
b1111 Z
b10101100 #
b10101100 G
1)
#2893000
b10011101 0
b10101101 1
#2895000
b1110 9
b1110 O
b1011 ;
b1011 N
b1011 P
16
0!
b10010 <
b10010 W
b10011 V
1+
#2899000
0)
#2900000
0+
#2905000
b1010 9
b1010 O
b1110 8
b1110 S
b1110 X
b1100 ;
b1100 N
b1100 P
b1011 :
b1011 R
b10011 <
b10011 W
b10111011 (
b10111011 4
b10111011 3
b10101011 2
1+
#2905500
b10000 >
b10000 I
b1111 7
b1111 [
b1110 Z
b10001 =
b10001 M
b10001 T
b11111 @
b11111 H
b11111 J
b11110 ?
b11110 L
b10101101 #
b10101101 G
1)
#2906000
b10011110 0
b10101110 1
#2910000
0+
#2912000
0)
#2915000
1A
b1011 9
b1011 O
b10001 V
b1010 8
b1010 S
b1010 X
b1101 ;
b1101 N
b1101 P
b1100 :
b1100 R
b10111100 (
b10111100 4
b10111100 3
b10101100 2
1+
#2918500
b0 >
b0 I
b10000 =
b10000 M
b10000 T
b0 @
b0 H
b0 J
b11111 ?
b11111 L
b1110 7
b1110 [
b1010 Z
b10101110 #
b10101110 G
1)
#2919000
b10011111 0
b10101111 1
#2920000
0+
#2925000
06
b1011 9
b1011 O
0A
b1011 8
b1011 S
b1011 X
b1101 ;
b1101 N
b1101 P
b1101 :
b1101 R
b10001 <
b10001 W
b10000 V
1!
b10111101 (
b10111101 4
b10111101 3
b10101101 2
1+
0)
#2930000
0+
#2931500
b1 >
b1 I
b1010 7
b1010 [
b1011 Z
b0 =
b0 M
b0 T
b1 @
b1 H
b1 J
b0 ?
b0 L
b10101111 #
b10101111 G
1)
#2932000
b10100000 0
b10110000 1
#2935000
0A
b1001 9
b1001 O
b1110 ;
b1110 N
b1110 P
16
0!
b10000 <
b10000 W
b0 V
1+
#2938000
0)
#2940000
0+
#2944500
b11 >
b11 I
b1 =
b1 M
b1 T
b10 @
b10 H
b10 J
b1 ?
b1 L
b1011 7
b1011 [
b10110000 #
b10110000 G
1)
#2945000
0A
b1000 9
b1000 O
b1001 8
b1001 S
b1001 X
b1111 ;
b1111 N
b1111 P
b1110 :
b1110 R
b0 <
b0 W
b1 V
b10111110 (
b10111110 4
b10111110 3
b10101110 2
b10100001 0
b10110001 1
1+
#2950000
0+
#2951000
0)
#2955000
b11000 9
b11000 O
b1 <
b1 W
b1000 8
b1000 S
b1000 X
b10000 ;
b10000 N
b10000 P
b1111 :
b1111 R
b10111111 (
b10111111 4
b10111111 3
b10101111 2
1+
#2957500
b10 >
b10 I
b1000 Z
b11 =
b11 M
b11 T
b11 @
b11 H
b11 J
b10 ?
b10 L
b10110001 #
b10110001 G
1)
#2958000
b10100010 0
b10110010 1
#2960000
0+
#2964000
0)
#2965000
1A
b11001 9
b11001 O
b11000 8
b11000 S
b11000 X
b10001 ;
b10001 N
b10001 P
b10000 :
b10000 R
b11 V
b11000000 (
b11000000 4
b11000000 3
b10110000 2
1+
#2970000
0+
#2970500
b110 >
b110 I
b10 =
b10 M
b10 T
b100 @
b100 H
b100 J
b11 ?
b11 L
b1000 7
b1000 [
b11000 Z
b10110010 #
b10110010 G
1)
#2971000
b10100011 0
b10110011 1
#2975000
06
0A
b11001 9
b11001 O
1!
b11 <
b11 W
b10 V
b11001 8
b11001 S
b11001 X
b10001 ;
b10001 N
b10001 P
b10001 :
b10001 R
b11000001 (
b11000001 4
b11000001 3
b10110001 2
1+
#2977000
0)
#2980000
0+
#2983500
b111 >
b111 I
b11000 7
b11000 [
b11001 Z
b110 =
b110 M
b110 T
b101 @
b101 H
b101 J
b100 ?
b100 L
b10110011 #
b10110011 G
1)
#2984000
b10100100 0
b10110100 1
#2985000
0A
b11011 9
b11011 O
b10010 ;
b10010 N
b10010 P
16
b10 <
b10 W
b110 V
0!
1+
#2990000
0+
0)
#2995000
0A
b11010 9
b11010 O
b110 <
b110 W
b11011 8
b11011 S
b11011 X
b10011 ;
b10011 N
b10011 P
b10010 :
b10010 R
b11000010 (
b11000010 4
b11000010 3
b10110010 2
1+
#2996500
b101 >
b101 I
b111 =
b111 M
b111 T
b110 @
b110 H
b110 J
b101 ?
b101 L
b11001 7
b11001 [
b11011 Z
b10110100 #
b10110100 G
1)
#2997000
b10100101 0
b10110101 1
#3000000
0+
#3003000
0)
#3005000
1A
b11110 9
b11110 O
b11010 8
b11010 S
b11010 X
b10100 ;
b10100 N
b10100 P
b10011 :
b10011 R
b111 V
b11000011 (
b11000011 4
b11000011 3
b10110011 2
1+
#3009500
b100 >
b100 I
b11011 7
b11011 [
b11010 Z
b101 =
b101 M
b101 T
b111 @
b111 H
b111 J
b110 ?
b110 L
b10110101 #
b10110101 G
1)
#3010000
b10100110 0
b10110110 1
0+
#3015000
06
0A
b11110 9
b11110 O
1!
b111 <
b111 W
b101 V
b11110 8
b11110 S
b11110 X
b10100 ;
b10100 N
b10100 P
b10100 :
b10100 R
b11000100 (
b11000100 4
b11000100 3
b10110100 2
1+
#3016000
0)
#3020000
0+
#3022500
b1100 >
b1100 I
b100 =
b100 M
b100 T
b1000 @
b1000 H
b1000 J
b111 ?
b111 L
b11010 7
b11010 [
b11110 Z
b10110110 #
b10110110 G
1)
#3023000
b10100111 0
b10110111 1
#3025000
b11111 9
b11111 O
b10101 ;
b10101 N
b10101 P
16
b101 <
b101 W
b100 V
0!
1+
#3029000
0)
#3030000
0+
#3035000
0A
b11101 9
b11101 O
b100 <
b100 W
b11111 8
b11111 S
b11111 X
b10110 ;
b10110 N
b10110 P
b10101 :
b10101 R
b11000101 (
b11000101 4
b11000101 3
b10110101 2
1+
#3035500
b1101 >
b1101 I
b11110 7
b11110 [
b11111 Z
b1100 =
b1100 M
b1100 T
b1001 @
b1001 H
b1001 J
b1000 ?
b1000 L
b10110111 #
b10110111 G
1)
#3036000
b10101000 0
b10111000 1
#3040000
0+
#3042000
0)
#3045000
1A
b11100 9
b11100 O
b11101 8
b11101 S
b11101 X
b10111 ;
b10111 N
b10111 P
b10110 :
b10110 R
b1100 V
b11000110 (
b11000110 4
b11000110 3
b10110110 2
1+
#3048500
b1111 >
b1111 I
b1101 =
b1101 M
b1101 T
b1010 @
b1010 H
b1010 J
b1001 ?
b1001 L
b11111 7
b11111 [
b11101 Z
b10111000 #
b10111000 G
1)
#3049000
b10101001 0
b10111001 1
#3050000
0+
#3055000
06
0A
b11100 9
b11100 O
1!
b1100 <
b1100 W
b1101 V
b11100 8
b11100 S
b11100 X
b10111 ;
b10111 N
b10111 P
b10111 :
b10111 R
b11000111 (
b11000111 4
b11000111 3
b10110111 2
1+
0)
#3060000
0+
#3061500
b1110 >
b1110 I
b11101 7
b11101 [
b11100 Z
b1111 =
b1111 M
b1111 T
b1011 @
b1011 H
b1011 J
b1010 ?
b1010 L
b10111001 #
b10111001 G
1)
#3062000
b10101010 0
b10111010 1
#3065000
b10100 9
b10100 O
b11000 ;
b11000 N
b11000 P
16
b1101 <
b1101 W
b1111 V
0!
1+
#3068000
0)
#3070000
0+
#3074500
b1010 >
b1010 I
b1110 =
b1110 M
b1110 T
b1100 @
b1100 H
b1100 J
b1011 ?
b1011 L
b11100 7
b11100 [
b10111010 #
b10111010 G
1)
#3075000
0A
b10101 9
b10101 O
b1111 <
b1111 W
b1110 V
b10100 8
b10100 S
b10100 X
b11001 ;
b11001 N
b11001 P
b11000 :
b11000 R
b11001000 (
b11001000 4
b11001000 3
b10111000 2
b10101011 0
b10111011 1
1+
#3080000
0+
#3081000
0)
#3085000
0A
b10111 9
b10111 O
b10101 8
b10101 S
b10101 X
b11010 ;
b11010 N
b11010 P
b11001 :
b11001 R
b1110 <
b1110 W
b11001001 (
b11001001 4
b11001001 3
b10111001 2
1+
#3087500
b1011 >
b1011 I
b10101 Z
b1010 =
b1010 M
b1010 T
b1101 @
b1101 H
b1101 J
b1100 ?
b1100 L
b10111011 #
b10111011 G
1)
#3088000
b10101100 0
b10111100 1
#3090000
0+
#3094000
0)
#3095000
1A
b10110 9
b10110 O
b1010 V
b10111 8
b10111 S
b10111 X
b11011 ;
b11011 N
b11011 P
b11010 :
b11010 R
b11001010 (
b11001010 4
b11001010 3
b10111010 2
1+
#3100000
0+
#3100500
b1001 >
b1001 I
b1011 =
b1011 M
b1011 T
b1110 @
b1110 H
b1110 J
b1101 ?
b1101 L
b10101 7
b10101 [
b10111 Z
b10111100 #
b10111100 G
1)
#3101000
b10101101 0
b10111101 1
#3105000
06
b10110 9
b10110 O
0A
b10110 8
b10110 S
b10110 X
b11011 ;
b11011 N
b11011 P
b11011 :
b11011 R
b1010 <
b1010 W
b1011 V
1!
b11001011 (
b11001011 4
b11001011 3
b10111011 2
1+
#3107000
0)
#3110000
0+
#3113500
b1000 >
b1000 I
b10111 7
b10111 [
b10110 Z
b1001 =
b1001 M
b1001 T
b1111 @
b1111 H
b1111 J
b1110 ?
b1110 L
b10111101 #
b10111101 G
1)
#3114000
b10101110 0
b10111110 1
#3115000
b10010 9
b10010 O
b11100 ;
b11100 N
b11100 P
16
0!
b1011 <
b1011 W
b1001 V
1+
#3120000
0+
0)
#3125000
b10011 9
b10011 O
b10010 8
b10010 S
b10010 X
b11101 ;
b11101 N
b11101 P
b11100 :
b11100 R
b1001 <
b1001 W
b11001100 (
b11001100 4
b11001100 3
b10111100 2
1+
#3126500
b11000 >
b11000 I
b1000 =
b1000 M
b1000 T
b10000 @
b10000 H
b10000 J
b1111 ?
b1111 L
b10110 7
b10110 [
b10010 Z
b10111110 #
b10111110 G
1)
#3127000
b10101111 0
b10111111 1
#3130000
0+
#3133000
0)
#3135000
1A
b10001 9
b10001 O
b1000 V
b10011 8
b10011 S
b10011 X
b11110 ;
b11110 N
b11110 P
b11101 :
b11101 R
b11001101 (
b11001101 4
b11001101 3
b10111101 2
1+
#3139500
b11001 >
b11001 I
b10010 7
b10010 [
b10011 Z
b11000 =
b11000 M
b11000 T
b10001 @
b10001 H
b10001 J
b10000 ?
b10000 L
b10111111 #
b10111111 G
1)
#3140000
b10110000 0
b11000000 1
0+
#3145000
06
b10001 9
b10001 O
0A
b10001 8
b10001 S
b10001 X
b11110 ;
b11110 N
b11110 P
b11110 :
b11110 R
b1000 <
b1000 W
b11000 V
1!
b11001110 (
b11001110 4
b11001110 3
b10111110 2
1+
#3146000
0)
#3150000
0+
#3152500
b11011 >
b11011 I
b11001 =
b11001 M
b11001 T
b10010 @
b10010 H
b10010 J
b10001 ?
b10001 L
b10011 7
b10011 [
b10001 Z
b11000000 #
b11000000 G
1)
#3153000
b10110001 0
b11000001 1
#3155000
b10000 9
b10000 O
b11111 ;
b11111 N
b11111 P
16
0!
b11000 <
b11000 W
b11001 V
1+
#3159000
0)
#3160000
0+
#3165000
b0 9
b0 O
b10000 8
b10000 S
b10000 X
b0 ;
b0 N
b0 P
b11111 :
b11111 R
b11001 <
b11001 W
b11001111 (
b11001111 4
b11001111 3
b10111111 2
1+
#3165500
b11010 >
b11010 I
b10001 7
b10001 [
b10000 Z
b11011 =
b11011 M
b11011 T
b10011 @
b10011 H
b10011 J
b10010 ?
b10010 L
b11000001 #
b11000001 G
1)
#3166000
b10110010 0
b11000010 1
#3170000
0+
#3172000
0)
#3175000
1A
b1 9
b1 O
b11011 V
b0 8
b0 S
b0 X
b1 ;
b1 N
b1 P
b0 :
b0 R
b11010000 (
b11010000 4
b11010000 3
b11000000 2
1+
#3178500
b11110 >
b11110 I
b11010 =
b11010 M
b11010 T
b10100 @
b10100 H
b10100 J
b10011 ?
b10011 L
b10000 7
b10000 [
b0 Z
b11000010 #
b11000010 G
1)
#3179000
b10110011 0
b11000011 1
#3180000
0+
#3185000
06
b1 9
b1 O
0A
b1 8
b1 S
b1 X
b1 ;
b1 N
b1 P
b1 :
b1 R
b11011 <
b11011 W
b11010 V
1!
b11010001 (
b11010001 4
b11010001 3
b11000001 2
1+
0)
#3190000
0+
#3191500
b11111 >
b11111 I
b0 7
b0 [
b1 Z
b11110 =
b11110 M
b11110 T
b10101 @
b10101 H
b10101 J
b10100 ?
b10100 L
b11000011 #
b11000011 G
1)
#3192000
b10110100 0
b11000100 1
#3195000
0A
b11 9
b11 O
b10 ;
b10 N
b10 P
16
0!
b11010 <
b11010 W
b11110 V
1+
#3198000
0)
#3200000
0+
#3204500
b11101 >
b11101 I
b11111 =
b11111 M
b11111 T
b10110 @
b10110 H
b10110 J
b10101 ?
b10101 L
b1 7
b1 [
b11000100 #
b11000100 G
1)
#3205000
b10 9
b10 O
b11 8
b11 S
b11 X
b11 ;
b11 N
b11 P
b10 :
b10 R
b11110 <
b11110 W
b11111 V
b11010010 (
b11010010 4
b11010010 3
b11000010 2
b10110101 0
b11000101 1
1+
#3210000
0+
#3211000
0)
#3215000
b110 9
b110 O
b11111 <
b11111 W
b10 8
b10 S
b10 X
b100 ;
b100 N
b100 P
b11 :
b11 R
b11010011 (
b11010011 4
b11010011 3
b11000011 2
1+
#3217500
b11100 >
b11100 I
b10 Z
b11101 =
b11101 M
b11101 T
b10111 @
b10111 H
b10111 J
b10110 ?
b10110 L
b11000101 #
b11000101 G
1)
#3218000
b10110110 0
b11000110 1
#3220000
0+
#3224000
0)
#3225000
1A
b111 9
b111 O
b110 8
b110 S
b110 X
b101 ;
b101 N
b101 P
b100 :
b100 R
b11101 V
b11010100 (
b11010100 4
b11010100 3
b11000100 2
1+
#3230000
0+
#3230500
b10100 >
b10100 I
b11100 =
b11100 M
b11100 T
b11000 @
b11000 H
b11000 J
b10111 ?
b10111 L
b10 7
b10 [
b110 Z
b11000110 #
b11000110 G
1)
#3231000
b10110111 0
b11000111 1
#3235000
06
0A
b111 9
b111 O
1!
b11101 <
b11101 W
b11100 V
b111 8
b111 S
b111 X
b101 ;
b101 N
b101 P
b101 :
b101 R
b11010101 (
b11010101 4
b11010101 3
b11000101 2
1+
#3237000
0)
#3240000
0+
#3243500
b10101 >
b10101 I
b110 7
b110 [
b111 Z
b10100 =
b10100 M
b10100 T
b11001 @
b11001 H
b11001 J
b11000 ?
b11000 L
b11000111 #
b11000111 G
1)
#3244000
b10111000 0
b11001000 1
#3245000
0A
b101 9
b101 O
b110 ;
b110 N
b110 P
16
b11100 <
b11100 W
b10100 V
0!
1+
#3250000
0+
0)
#3255000
0A
b100 9
b100 O
b10100 <
b10100 W
b101 8
b101 S
b101 X
b111 ;
b111 N
b111 P
b110 :
b110 R
b11010110 (
b11010110 4
b11010110 3
b11000110 2
1+
#3256500
b10111 >
b10111 I
b10101 =
b10101 M
b10101 T
b11010 @
b11010 H
b11010 J
b11001 ?
b11001 L
b111 7
b111 [
b101 Z
b11001000 #
b11001000 G
1)
#3257000
b10111001 0
b11001001 1
#3260000
0+
#3263000
0)
#3265000
1A
b1100 9
b1100 O
b100 8
b100 S
b100 X
b1000 ;
b1000 N
b1000 P
b111 :
b111 R
b10101 V
b11010111 (
b11010111 4
b11010111 3
b11000111 2
1+
#3269500
b10110 >
b10110 I
b101 7
b101 [
b100 Z
b10111 =
b10111 M
b10111 T
b11011 @
b11011 H
b11011 J
b11010 ?
b11010 L
b11001001 #
b11001001 G
1)
#3270000
b10111010 0
b11001010 1
0+
#3275000
06
0A
b1100 9
b1100 O
1!
b10101 <
b10101 W
b10111 V
b1100 8
b1100 S
b1100 X
b1000 ;
b1000 N
b1000 P
b1000 :
b1000 R
b11011000 (
b11011000 4
b11011000 3
b11001000 2
1+
#3276000
0)
#3280000
0+
#3282500
b10010 >
b10010 I
b10110 =
b10110 M
b10110 T
b11100 @
b11100 H
b11100 J
b11011 ?
b11011 L
b100 7
b100 [
b1100 Z
b11001010 #
b11001010 G
1)
#3283000
b10111011 0
b11001011 1
#3285000
b1101 9
b1101 O
b1001 ;
b1001 N
b1001 P
16
b10111 <
b10111 W
b10110 V
0!
1+
#3289000
0)
#3290000
0+
#3295000
0A
b1111 9
b1111 O
b10110 <
b10110 W
b1101 8
b1101 S
b1101 X
b1010 ;
b1010 N
b1010 P
b1001 :
b1001 R
b11011001 (
b11011001 4
b11011001 3
b11001001 2
1+
#3295500
b10011 >
b10011 I
b1100 7
b1100 [
b1101 Z
b10010 =
b10010 M
b10010 T
b11101 @
b11101 H
b11101 J
b11100 ?
b11100 L
b11001011 #
b11001011 G
1)
#3296000
b10111100 0
b11001100 1
#3300000
0+
#3302000
0)
#3305000
1A
b1110 9
b1110 O
b1111 8
b1111 S
b1111 X
b1011 ;
b1011 N
b1011 P
b1010 :
b1010 R
b10010 V
b11011010 (
b11011010 4
b11011010 3
b11001010 2
1+
#3308500
b10001 >
b10001 I
b10011 =
b10011 M
b10011 T
b11110 @
b11110 H
b11110 J
b11101 ?
b11101 L
b1101 7
b1101 [
b1111 Z
b11001100 #
b11001100 G
1)
#3309000
b10111101 0
b11001101 1
#3310000
0+
#3315000
06
0A
b1110 9
b1110 O
1!
b10010 <
b10010 W
b10011 V
b1110 8
b1110 S
b1110 X
b1011 ;
b1011 N
b1011 P
b1011 :
b1011 R
b11011011 (
b11011011 4
b11011011 3
b11001011 2
1+
0)
#3320000
0+
#3321500
b10000 >
b10000 I
b1111 7
b1111 [
b1110 Z
b10001 =
b10001 M
b10001 T
b11111 @
b11111 H
b11111 J
b11110 ?
b11110 L
b11001101 #
b11001101 G
1)
#3322000
b10111110 0
b11001110 1
#3325000
b1010 9
b1010 O
b1100 ;
b1100 N
b1100 P
16
b10011 <
b10011 W
b10001 V
0!
1+
#3328000
0)
#3330000
0+
#3334500
b0 >
b0 I
b10000 =
b10000 M
b10000 T
b0 @
b0 H
b0 J
b11111 ?
b11111 L
b1110 7
b1110 [
b11001110 #
b11001110 G
1)
#3335000
0A
b1011 9
b1011 O
b10001 <
b10001 W
b10000 V
b1010 8
b1010 S
b1010 X
b1101 ;
b1101 N
b1101 P
b1100 :
b1100 R
b11011100 (
b11011100 4
b11011100 3
b11001100 2
b10111111 0
b11001111 1
1+
#3340000
0+
#3341000
0)
#3345000
0A
b1001 9
b1001 O
b1011 8
b1011 S
b1011 X
b1110 ;
b1110 N
b1110 P
b1101 :
b1101 R
b10000 <
b10000 W
b11011101 (
b11011101 4
b11011101 3
b11001101 2
1+
#3347500
b1 >
b1 I
b1011 Z
b0 =
b0 M
b0 T
b1 @
b1 H
b1 J
b0 ?
b0 L
b11001111 #
b11001111 G
1)
#3348000
b11000000 0
b11010000 1
#3350000
0+
#3354000
0)
#3355000
1A
b1000 9
b1000 O
b0 V
b1001 8
b1001 S
b1001 X
b1111 ;
b1111 N
b1111 P
b1110 :
b1110 R
b11011110 (
b11011110 4
b11011110 3
b11001110 2
1+
#3360000
0+
#3360500
b11 >
b11 I
b1 =
b1 M
b1 T
b10 @
b10 H
b10 J
b1 ?
b1 L
b1011 7
b1011 [
b1001 Z
b11010000 #
b11010000 G
1)
#3361000
b11000001 0
b11010001 1
#3365000
06
0A
b1000 9
b1000 O
b1000 8
b1000 S
b1000 X
b1111 ;
b1111 N
b1111 P
b1111 :
b1111 R
b0 <
b0 W
b1 V
1!
b11011111 (
b11011111 4
b11011111 3
b11001111 2
1+
#3367000
0)
#3370000
0+
#3373500
b10 >
b10 I
b1001 7
b1001 [
b1000 Z
b11 =
b11 M
b11 T
b11 @
b11 H
b11 J
b10 ?
b10 L
b11010001 #
b11010001 G
1)
#3374000
b11000010 0
b11010010 1
#3375000
b11000 9
b11000 O
b10000 ;
b10000 N
b10000 P
16
0!
b1 <
b1 W
b11 V
1+
#3380000
0+
0)
#3385000
b11001 9
b11001 O
b11000 8
b11000 S
b11000 X
b10001 ;
b10001 N
b10001 P
b10000 :
b10000 R
b11 <
b11 W
b11100000 (
b11100000 4
b11100000 3
b11010000 2
1+
#3386500
b110 >
b110 I
b10 =
b10 M
b10 T
b100 @
b100 H
b100 J
b11 ?
b11 L
b1000 7
b1000 [
b11000 Z
b11010010 #
b11010010 G
1)
#3387000
b11000011 0
b11010011 1
#3390000
0+
#3393000
0)
#3395000
1A
b11011 9
b11011 O
b10 V
b11001 8
b11001 S
b11001 X
b10010 ;
b10010 N
b10010 P
b10001 :
b10001 R
b11100001 (
b11100001 4
b11100001 3
b11010001 2
1+
#3399500
b111 >
b111 I
b11000 7
b11000 [
b11001 Z
b110 =
b110 M
b110 T
b101 @
b101 H
b101 J
b100 ?
b100 L
b11010011 #
b11010011 G
1)
#3400000
b11000100 0
b11010100 1
0+
#3405000
06
b11011 9
b11011 O
0A
b11011 8
b11011 S
b11011 X
b10010 ;
b10010 N
b10010 P
b10010 :
b10010 R
b10 <
b10 W
b110 V
1!
b11100010 (
b11100010 4
b11100010 3
b11010010 2
1+
#3406000
0)
#3410000
0+
#3412500
b101 >
b101 I
b111 =
b111 M
b111 T
b110 @
b110 H
b110 J
b101 ?
b101 L
b11001 7
b11001 [
b11011 Z
b11010100 #
b11010100 G
1)
#3413000
b11000101 0
b11010101 1
#3415000
b11010 9
b11010 O
b10011 ;
b10011 N
b10011 P
16
0!
b110 <
b110 W
b111 V
1+
#3419000
0)
#3420000
0+
#3425000
b11110 9
b11110 O
b11010 8
b11010 S
b11010 X
b10100 ;
b10100 N
b10100 P
b10011 :
b10011 R
b111 <
b111 W
b11100011 (
b11100011 4
b11100011 3
b11010011 2
1+
#3425500
b100 >
b100 I
b11011 7
b11011 [
b11010 Z
b101 =
b101 M
b101 T
b111 @
b111 H
b111 J
b110 ?
b110 L
b11010101 #
b11010101 G
1)
#3426000
b11000110 0
b11010110 1
#3430000
0+
#3432000
0)
#3435000
1A
b11111 9
b11111 O
b101 V
b11110 8
b11110 S
b11110 X
b10101 ;
b10101 N
b10101 P
b10100 :
b10100 R
b11100100 (
b11100100 4
b11100100 3
b11010100 2
1+
#3438500
b1100 >
b1100 I
b100 =
b100 M
b100 T
b1000 @
b1000 H
b1000 J
b111 ?
b111 L
b11010 7
b11010 [
b11110 Z
b11010110 #
b11010110 G
1)
#3439000
b11000111 0
b11010111 1
#3440000
0+
#3445000
06
b11111 9
b11111 O
0A
b11111 8
b11111 S
b11111 X
b10101 ;
b10101 N
b10101 P
b10101 :
b10101 R
b101 <
b101 W
b100 V
1!
b11100101 (
b11100101 4
b11100101 3
b11010101 2
1+
0)
#3450000
0+
#3451500
b1101 >
b1101 I
b11110 7
b11110 [
b11111 Z
b1100 =
b1100 M
b1100 T
b1001 @
b1001 H
b1001 J
b1000 ?
b1000 L
b11010111 #
b11010111 G
1)
#3452000
b11001000 0
b11011000 1
#3455000
0A
b11101 9
b11101 O
b10110 ;
b10110 N
b10110 P
16
0!
b100 <
b100 W
b1100 V
1+
#3458000
0)
#3460000
b11111 9
b11111 O
b10101 ;
b10101 N
b10101 P
06
0,
0+
#3464500
b1111 >
b1111 I
b1101 =
b1101 M
b1101 T
b1010 @
b1010 H
b1010 J
b1001 ?
b1001 L
b11111 7
b11111 [
b11011000 #
b11011000 G
1)
#3465000
b1100 <
b1100 W
b1101 V
b11001001 0
b11011001 1
1+
#3470000
0+
#3471000
0)
#3475000
b1101 <
b1101 W
1+
#3477500
b1110 >
b1110 I
b1111 =
b1111 M
b1111 T
b1011 @
b1011 H
b1011 J
b1010 ?
b1010 L
b11011001 #
b11011001 G
1)
#3478000
b11001010 0
b11011010 1
#3480000
0+
#3484000
0)
#3485000
b1111 V
1+
#3490000
0+
#3490500
b1010 >
b1010 I
b1110 =
b1110 M
b1110 T
b1100 @
b1100 H
b1100 J
b1011 ?
b1011 L
b11011010 #
b11011010 G
1)
#3491000
b11001011 0
b11011011 1
#3495000
b1111 <
b1111 W
b1110 V
1+
#3497000
0)
#3500000
0+
#3503500
b1011 >
b1011 I
b1010 =
b1010 M
b1010 T
b1101 @
b1101 H
b1101 J
b1100 ?
b1100 L
b11011011 #
b11011011 G
1)
#3504000
b11001100 0
b11011100 1
#3505000
b1110 <
b1110 W
b1010 V
1+
#3510000
0+
0)
#3515000
b1010 <
b1010 W
1+
#3516500
b1001 >
b1001 I
b1011 =
b1011 M
b1011 T
b1110 @
b1110 H
b1110 J
b1101 ?
b1101 L
b11011100 #
b11011100 G
1)
#3517000
b11001101 0
b11011101 1
#3520000
0+
#3523000
0)
#3525000
b1011 V
1+
#3529500
b1000 >
b1000 I
b1001 =
b1001 M
b1001 T
b1111 @
b1111 H
b1111 J
b1110 ?
b1110 L
b11011101 #
b11011101 G
1)
#3530000
b11001110 0
b11011110 1
0+
#3535000
b1011 <
b1011 W
b1001 V
1+
#3536000
0)
#3540000
0+
#3542500
b11000 >
b11000 I
b1000 =
b1000 M
b1000 T
b10000 @
b10000 H
b10000 J
b1111 ?
b1111 L
b11011110 #
b11011110 G
1)
#3543000
b11001111 0
b11011111 1
#3545000
b1001 <
b1001 W
b1000 V
1+
#3549000
0)
#3550000
0+
#3555000
b1000 <
b1000 W
1+
#3555500
b11001 >
b11001 I
b11000 =
b11000 M
b11000 T
b10001 @
b10001 H
b10001 J
b10000 ?
b10000 L
b11011111 #
b11011111 G
1)
#3556000
b11010000 0
b11100000 1
#3560000
0+
#3562000
0)
#3565000
b11000 V
1+
#3568500
b11011 >
b11011 I
b11001 =
b11001 M
b11001 T
b10010 @
b10010 H
b10010 J
b10001 ?
b10001 L
b11100000 #
b11100000 G
1)
#3569000
b11010001 0
b11100001 1
#3570000
0+
#3575000
b11000 <
b11000 W
b11001 V
1+
0)
#3580000
0+
#3581500
b11010 >
b11010 I
b11011 =
b11011 M
b11011 T
b10011 @
b10011 H
b10011 J
b10010 ?
b10010 L
b11100001 #
b11100001 G
1)
#3582000
b11010010 0
b11100010 1
#3585000
b11001 <
b11001 W
b11011 V
1+
#3588000
0)
#3590000
0+
#3594500
b11110 >
b11110 I
b11010 =
b11010 M
b11010 T
b10100 @
b10100 H
b10100 J
b10011 ?
b10011 L
b11100010 #
b11100010 G
1)
#3595000
b11011 <
b11011 W
b11010 V
b11010011 0
b11100011 1
1+
#3600000
0+
#3601000
0)
#3605000
b11010 <
b11010 W
1+
#3607500
1B
b11111 >
b11111 I
b11110 =
b11110 M
b11110 T
b10101 @
b10101 H
b10101 J
b10100 ?
b10100 L
b11100011 #
b11100011 G
1)
#3608000
b11010100 0
b11100100 1
#3610000
0+
#3614000
0)
#3615000
b11110 V
1+
#3620000
0+
#3620500
05
1B
b11111 >
b11111 I
b11111 =
b11111 M
b11111 T
b10101 @
b10101 H
b10101 J
b10101 ?
b10101 L
1"
b11100100 #
b11100100 G
1)
#3621000
b11010101 0
b11100101 1
#3625000
b11110 <
b11110 W
b11111 V
1+
#3627000
0)
#3630000
0+
#3633500
1)
#3635000
b11111 <
b11111 W
1+
#3640000
0+
0)
#3645000
1+
#3646500
1)
#3650000
0+
#3653000
0)
#3655000
1+
#3659500
1)
#3660000
0+
#3665000
1+
#3666000
0*
0)
#3670000
0+
#3672500
1)
#3675000
1+
#3679000
0)
#3680000
0+
#3685000
1+
#3685500
1)
#3690000
0+
#3692000
0)
#3695000
1+
#3698500
1)
#3700000
0+
#3705000
1+
0)
#3710000
0+
#3711500
1)
#3715000
1+
#3718000
0)
#3720000
0+
#3724500
1)
#3725000
1+
#3730000
0+
#3731000
0)
#3735000
1+
#3737500
1)
#3740000
0+
#3744000
0)
#3745000
1+
#3750000
0+
#3750500
1)
#3755000
1+
#3757000
0)
#3760000
0+
#3763500
1)
#3765000
1+
#3770000
0+
0)
#3775000
1+
#3776500
1)
#3780000
0+
#3783000
0)
#3785000
1+
#3789500
1)
#3790000
0+
#3795000
1+
#3796000
0)
#3800000
0+
#3802500
1)
#3805000
1+
#3809000
0)
#3810000
0+
#3815000
1+
#3815500
1)
#3820000
0+
#3822000
0)
#3825000
1+
#3828500
1)
#3830000
0+
#3835000
1+
0)
#3840000
0+
#3841500
1)
#3845000
1+
#3848000
0)
#3850000
0+
#3854500
1)
#3855000
1+
#3860000
0+
#3861000
0)
#3865000
1+
#3867500
1)
#3870000
0+
#3874000
0A
b0 >
b0 I
b0 9
b0 O
b0 =
b0 M
b0 T
b0 @
b0 H
b0 J
b0 ?
b0 L
1B
b0 7
b0 [
b0 Z
b0 <
b0 W
b0 V
b0 8
b0 S
b0 X
b0 ;
b0 N
b0 P
b0 :
b0 R
1'
0)
#3875000
1+
#3880000
0+
#3880500
1)
#3885000
1+
#3887000
0)
#3890000
0+
#3893500
1)
#3895000
1+
#3900000
0+
0)
#3905000
1+
#3906500
1)
#3910000
0+
#3913000
0)
#3915000
1+
#3919500
1)
#3920000
0+
#3925000
1+
#3926000
0)
#3930000
b0 0
b0 2
0'
0+
#3932500
1)
#3935000
1+
#3939000
0)
#3940000
0+
#3945000
1+
#3945500
1)
#3950000
0+
#3952000
0)
#3955000
1+
#3958500
1)
#3960000
0+
#3965000
1+
0)
#3970000
0+
#3971500
1)
#3975000
1+
#3978000
0)
#3980000
b1 9
b1 O
b1 ;
b1 N
b1 P
16
1,
0+
b11100101 ]
b11100101 _
r5 -
r6.5 .
r10 ^
r13 `
#3984500
1)
#3986500
b11 9
b11 O
b1 8
b1 S
b1 X
b10 ;
b10 N
b10 P
b1 :
b1 R
b11100110 (
b11100110 4
b11100110 3
b1 2
1+
#3989500
1*
0)
#3993000
0+
#3994500
b1 Z
1)
#3999500
b10 9
b10 O
b11 8
b11 S
b11 X
b11 ;
b11 N
b11 P
b10 :
b10 R
b11100111 (
b11100111 4
b11100111 3
b10 2
0)
1+
#4004500
0B
b1 7
b1 [
b11 Z
1)
#4006000
0+
#4009500
0)
#4012500
b110 9
b110 O
b10 8
b10 S
b10 X
b100 ;
b100 N
b100 P
b11 :
b11 R
b11101000 (
b11101000 4
b11101000 3
b11 2
1+
#4014500
b1 >
b1 I
b1 @
b1 H
b1 J
15
b11 7
b11 [
b10 Z
0"
1)
#4019000
0+
#4019500
0)
#4024500
0B
b11 >
b11 I
b10 7
b10 [
b1 =
b1 M
b1 T
b10 @
b10 H
b10 J
b1 ?
b1 L
b11100101 #
b11100101 G
1)
#4025000
b1 0
b11100110 1
#4025500
b111 9
b111 O
b110 8
b110 S
b110 X
b101 ;
b101 N
b101 P
b100 :
b100 R
b1 V
b11101001 (
b11101001 4
b11101001 3
b100 2
1+
#4029500
0)
#4032000
0+
#4034500
1B
b10 >
b10 I
b11 =
b11 M
b11 T
b11 @
b11 H
b11 J
b10 ?
b10 L
b110 Z
b11100110 #
b11100110 G
1)
#4035000
b10 0
b11100111 1
#4038500
b101 9
b101 O
b1 <
b1 W
b11 V
b111 8
b111 S
b111 X
b110 ;
b110 N
b110 P
b101 :
b101 R
b11101010 (
b11101010 4
b11101010 3
b101 2
1+
#4039500
0)
#4044500
05
b10 >
b10 I
1"
0B
b110 7
b110 [
b111 Z
b10 =
b10 M
b10 T
b11 @
b11 H
b11 J
b11 ?
b11 L
b11100111 #
b11100111 G
1)
#4045000
b11 0
b11101000 1
0+
#4049500
0)
#4051500
b100 9
b100 O
b101 8
b101 S
b101 X
b111 ;
b111 N
b111 P
b110 :
b110 R
b11 <
b11 W
b10 V
b11101011 (
b11101011 4
b11101011 3
b110 2
1+
#4054500
b110 >
b110 I
b100 @
b100 H
b100 J
15
b111 7
b111 [
b101 Z
0"
1)
#4058000
0+
#4059500
0)
#4064500
b111 >
b111 I
b1100 9
b1100 O
b101 7
b101 [
b110 =
b110 M
b110 T
b101 @
b101 H
b101 J
b100 ?
b100 L
b11101000 #
b11101000 G
b10 <
b10 W
b100 8
b100 S
b100 X
b1000 ;
b1000 N
b1000 P
b111 :
b111 R
b11101100 (
b11101100 4
b11101100 3
b111 2
1)
1+
#4065000
b100 0
b11101001 1
#4069500
0)
#4071000
0+
#4074500
1B
b101 >
b101 I
b111 =
b111 M
b111 T
b110 @
b110 H
b110 J
b101 ?
b101 L
b100 Z
b11101001 #
b11101001 G
1)
#4075000
b101 0
b11101010 1
#4077500
b1101 9
b1101 O
b1100 8
b1100 S
b1100 X
b1001 ;
b1001 N
b1001 P
b1000 :
b1000 R
b111 V
b11101101 (
b11101101 4
b11101101 3
b1000 2
1+
#4079500
0)
#4084000
0+
#4084500
05
b101 >
b101 I
1"
0B
b100 7
b100 [
b1100 Z
b101 =
b101 M
b101 T
b110 @
b110 H
b110 J
b110 ?
b110 L
b11101010 #
b11101010 G
1)
#4085000
b110 0
b11101011 1
#4089500
0)
#4090500
b1111 9
b1111 O
b111 <
b111 W
b101 V
b1101 8
b1101 S
b1101 X
b1010 ;
b1010 N
b1010 P
b1001 :
b1001 R
b11101110 (
b11101110 4
b11101110 3
b1001 2
1+
#4094500
b100 >
b100 I
b111 @
b111 H
b111 J
15
b1100 7
b1100 [
b1101 Z
0"
1)
#4097000
0+
#4099500
0)
#4103500
b1110 9
b1110 O
b1111 8
b1111 S
b1111 X
b1011 ;
b1011 N
b1011 P
b1010 :
b1010 R
b101 <
b101 W
b11101111 (
b11101111 4
b11101111 3
b1010 2
1+
#4104500
b1100 >
b1100 I
b1101 7
b1101 [
b1111 Z
b100 =
b100 M
b100 T
b1000 @
b1000 H
b1000 J
b111 ?
b111 L
b11101011 #
b11101011 G
1)
#4105000
b111 0
b11101100 1
#4109500
0)
#4110000
0+
#4114500
b1101 >
b1101 I
b1100 =
b1100 M
b1100 T
b1001 @
b1001 H
b1001 J
b1000 ?
b1000 L
b1111 7
b1111 [
b11101100 #
b11101100 G
1)
#4115000
b1000 0
b11101101 1
#4116500
b1010 9
b1010 O
b1100 V
b1110 8
b1110 S
b1110 X
b1100 ;
b1100 N
b1100 P
b1011 :
b1011 R
b11110000 (
b11110000 4
b11110000 3
b1011 2
1+
#4119500
0)
#4123000
0+
#4124500
1B
b1111 >
b1111 I
b1110 Z
b1101 =
b1101 M
b1101 T
b1010 @
b1010 H
b1010 J
b1001 ?
b1001 L
b11101101 #
b11101101 G
1)
#4125000
b1001 0
b11101110 1
#4129500
b1011 9
b1011 O
b1010 8
b1010 S
b1010 X
b1101 ;
b1101 N
b1101 P
b1100 :
b1100 R
b1100 <
b1100 W
b1101 V
b11110001 (
b11110001 4
b11110001 3
b1100 2
0)
1+
#4134500
05
b1111 >
b1111 I
b1111 =
b1111 M
b1111 T
b1010 @
b1010 H
b1010 J
b1010 ?
b1010 L
0B
b1110 7
b1110 [
b1010 Z
1"
b11101110 #
b11101110 G
1)
#4135000
b1010 0
b11101111 1
#4136000
0+
#4139500
0)
#4142500
b1001 9
b1001 O
b1101 <
b1101 W
b1111 V
b1011 8
b1011 S
b1011 X
b1110 ;
b1110 N
b1110 P
b1101 :
b1101 R
b11110010 (
b11110010 4
b11110010 3
b1101 2
1+
#4144500
b1110 >
b1110 I
b1011 @
b1011 H
b1011 J
15
0"
b1010 7
b1010 [
b1011 Z
1)
#4149000
0+
#4149500
0)
#4154500
b1010 >
b1010 I
b1110 =
b1110 M
b1110 T
b1100 @
b1100 H
b1100 J
b1011 ?
b1011 L
b1011 7
b1011 [
b11101111 #
b11101111 G
1)
#4155000
b1011 0
b11110000 1
#4155500
b1000 9
b1000 O
b1001 8
b1001 S
b1001 X
b1111 ;
b1111 N
b1111 P
b1110 :
b1110 R
b1111 <
b1111 W
b1110 V
b11110011 (
b11110011 4
b11110011 3
b1110 2
1+
#4159500
0)
#4162000
0+
#4164500
1B
b1011 >
b1011 I
b1001 Z
b1010 =
b1010 M
b1010 T
b1101 @
b1101 H
b1101 J
b1100 ?
b1100 L
b11110000 #
b11110000 G
1)
#4165000
b1100 0
b11110001 1
#4168500
0A
b11000 9
b11000 O
b1110 <
b1110 W
b1010 V
b1000 8
b1000 S
b1000 X
b10000 ;
b10000 N
b10000 P
b1111 :
b1111 R
b11110100 (
b11110100 4
b11110100 3
b1111 2
1+
#4169500
0)
#4174500
05
b1011 >
b1011 I
b1011 =
b1011 M
b1011 T
b1101 @
b1101 H
b1101 J
b1101 ?
b1101 L
0B
b1001 7
b1001 [
b1000 Z
1"
b11110001 #
b11110001 G
1)
#4175000
b1101 0
b11110010 1
0+
#4179500
0)
#4181500
b11001 9
b11001 O
b11000 8
b11000 S
b11000 X
b10001 ;
b10001 N
b10001 P
b10000 :
b10000 R
b1010 <
b1010 W
b1011 V
b11110101 (
b11110101 4
b11110101 3
b10000 2
1+
#4184500
0B
b1001 >
b1001 I
b1110 @
b1110 H
b1110 J
15
0"
b1000 7
b1000 [
b11000 Z
1)
#4188000
0+
#4189500
0)
#4194500
b1000 >
b1000 I
b11011 9
b11011 O
b1001 =
b1001 M
b1001 T
b1111 @
b1111 H
b1111 J
b1110 ?
b1110 L
b11000 7
b11000 [
b11110010 #
b11110010 G
b1011 <
b1011 W
b11001 8
b11001 S
b11001 X
b10010 ;
b10010 N
b10010 P
b10001 :
b10001 R
b11110110 (
b11110110 4
b11110110 3
b10001 2
1)
1+
#4195000
b1110 0
b11110011 1
#4199500
0)
#4201000
0+
#4204500
1B
b11000 >
b11000 I
b11001 Z
b1000 =
b1000 M
b1000 T
b10000 @
b10000 H
b10000 J
b1111 ?
b1111 L
b11110011 #
b11110011 G
1)
#4205000
b1111 0
b11110100 1
#4207500
b11010 9
b11010 O
b11011 8
b11011 S
b11011 X
b10011 ;
b10011 N
b10011 P
b10010 :
b10010 R
b1000 V
b11110111 (
b11110111 4
b11110111 3
b10010 2
1+
#4209500
0)
#4214000
0+
#4214500
05
b11000 >
b11000 I
b11000 =
b11000 M
b11000 T
b10000 @
b10000 H
b10000 J
b10000 ?
b10000 L
0B
b11001 7
b11001 [
b11011 Z
1"
b11110100 #
b11110100 G
1)
#4215000
b10000 0
b11110101 1
#4219500
0)
#4220500
b11110 9
b11110 O
b1000 <
b1000 W
b11000 V
b11010 8
b11010 S
b11010 X
b10100 ;
b10100 N
b10100 P
b10011 :
b10011 R
b11111000 (
b11111000 4
b11111000 3
b10011 2
1+
#4224500
b11001 >
b11001 I
b10001 @
b10001 H
b10001 J
15
0"
b11011 7
b11011 [
b11010 Z
1)
#4227000
0+
#4229500
0)
#4233500
b11111 9
b11111 O
b11110 8
b11110 S
b11110 X
b10101 ;
b10101 N
b10101 P
b10100 :
b10100 R
b11000 <
b11000 W
b11111001 (
b11111001 4
b11111001 3
b10100 2
1+
#4234500
0B
b11011 >
b11011 I
b11001 =
b11001 M
b11001 T
b10010 @
b10010 H
b10010 J
b10001 ?
b10001 L
b11010 7
b11010 [
b11110 Z
b11110101 #
b11110101 G
1)
#4235000
b10001 0
b11110110 1
#4239500
0)
#4240000
0+
#4244500
b11010 >
b11010 I
b11110 7
b11110 [
b11011 =
b11011 M
b11011 T
b10011 @
b10011 H
b10011 J
b10010 ?
b10010 L
b11110110 #
b11110110 G
1)
#4245000
b10010 0
b11110111 1
#4246500
b11101 9
b11101 O
b11011 V
b11111 8
b11111 S
b11111 X
b10110 ;
b10110 N
b10110 P
b10101 :
b10101 R
b11111010 (
b11111010 4
b11111010 3
b10101 2
1+
#4249500
0)
#4253000
0+
#4254500
1B
b11110 >
b11110 I
b11010 =
b11010 M
b11010 T
b10100 @
b10100 H
b10100 J
b10011 ?
b10011 L
b11111 Z
b11110111 #
b11110111 G
1)
#4255000
b10011 0
b11111000 1
#4259500
b11100 9
b11100 O
b11101 8
b11101 S
b11101 X
b10111 ;
b10111 N
b10111 P
b10110 :
b10110 R
b11011 <
b11011 W
b11010 V
b11111011 (
b11111011 4
b11111011 3
b10110 2
0)
1+
#4264500
05
b11110 >
b11110 I
1"
0B
b11111 7
b11111 [
b11101 Z
b11110 =
b11110 M
b11110 T
b10100 @
b10100 H
b10100 J
b10100 ?
b10100 L
b11111000 #
b11111000 G
1)
#4265000
b10100 0
b11111001 1
#4266000
0+
#4269500
0)
#4272500
b10100 9
b10100 O
b11010 <
b11010 W
b11110 V
b11100 8
b11100 S
b11100 X
b11000 ;
b11000 N
b11000 P
b10111 :
b10111 R
b11111100 (
b11111100 4
b11111100 3
b10111 2
1+
#4274500
b11111 >
b11111 I
b10101 @
b10101 H
b10101 J
15
b11101 7
b11101 [
b11100 Z
0"
1)
#4279000
0+
#4279500
0)
#4284500
0B
b11101 >
b11101 I
b11100 7
b11100 [
b11111 =
b11111 M
b11111 T
b10110 @
b10110 H
b10110 J
b10101 ?
b10101 L
b11111001 #
b11111001 G
1)
#4285000
b10101 0
b11111010 1
#4285500
b10101 9
b10101 O
b10100 8
b10100 S
b10100 X
b11001 ;
b11001 N
b11001 P
b11000 :
b11000 R
b11110 <
b11110 W
b11111 V
b11111101 (
b11111101 4
b11111101 3
b11000 2
1+
#4289500
0)
#4292000
0+
#4294500
1B
b11100 >
b11100 I
b11101 =
b11101 M
b11101 T
b10111 @
b10111 H
b10111 J
b10110 ?
b10110 L
b10100 Z
b11111010 #
b11111010 G
1)
#4295000
b10110 0
b11111011 1
#4298500
b10111 9
b10111 O
b11111 <
b11111 W
b11101 V
b10101 8
b10101 S
b10101 X
b11010 ;
b11010 N
b11010 P
b11001 :
b11001 R
b11111110 (
b11111110 4
b11111110 3
b11001 2
1+
#4299500
0)
#4304500
05
b11100 >
b11100 I
1"
0B
b10100 7
b10100 [
b10101 Z
b11100 =
b11100 M
b11100 T
b10111 @
b10111 H
b10111 J
b10111 ?
b10111 L
b11111011 #
b11111011 G
1)
#4305000
b10111 0
b11111100 1
0+
#4309500
0)
#4311500
b10110 9
b10110 O
b10111 8
b10111 S
b10111 X
b11011 ;
b11011 N
b11011 P
b11010 :
b11010 R
b11101 <
b11101 W
b11100 V
b11111111 (
b11111111 4
b11111111 3
b11010 2
1+
#4314500
b10100 >
b10100 I
b11000 @
b11000 H
b11000 J
15
b10101 7
b10101 [
b10111 Z
0"
1)
#4318000
0+
#4319500
0)
#4324500
b10101 >
b10101 I
b10010 9
b10010 O
b10111 7
b10111 [
b10100 =
b10100 M
b10100 T
b11001 @
b11001 H
b11001 J
b11000 ?
b11000 L
b11111100 #
b11111100 G
b11100 <
b11100 W
b10110 8
b10110 S
b10110 X
b11100 ;
b11100 N
b11100 P
b11011 :
b11011 R
b0 (
b0 4
b100000000 3
b11011 2
1)
1+
#4325000
b11000 0
b11111101 1
#4329500
0)
#4331000
0+
#4334500
1B
b10111 >
b10111 I
b10101 =
b10101 M
b10101 T
b11010 @
b11010 H
b11010 J
b11001 ?
b11001 L
b10110 Z
b11111101 #
b11111101 G
1)
#4335000
b11001 0
b11111110 1
#4337500
b10011 9
b10011 O
b10010 8
b10010 S
b10010 X
b11101 ;
b11101 N
b11101 P
b11100 :
b11100 R
b10101 V
b1 (
b1 4
b100000001 3
b11100 2
1+
#4339500
0)
#4344000
0+
#4344500
05
b10111 >
b10111 I
1"
0B
b10110 7
b10110 [
b10010 Z
b10111 =
b10111 M
b10111 T
b11010 @
b11010 H
b11010 J
b11010 ?
b11010 L
b11111110 #
b11111110 G
1)
#4345000
b11010 0
b11111111 1
#4349500
0)
#4350500
b10001 9
b10001 O
b10101 <
b10101 W
b10111 V
b10011 8
b10011 S
b10011 X
b11110 ;
b11110 N
b11110 P
b11101 :
b11101 R
b10 (
b10 4
b100000010 3
b11101 2
1+
#4354500
b10110 >
b10110 I
b11011 @
b11011 H
b11011 J
15
b10010 7
b10010 [
b10011 Z
0"
1)
#4357000
0+
#4359500
0)
#4363500
b10000 9
b10000 O
b10001 8
b10001 S
b10001 X
b11111 ;
b11111 N
b11111 P
b11110 :
b11110 R
b10111 <
b10111 W
b11 (
b11 4
b100000011 3
b11110 2
1+
#4364500
b10010 >
b10010 I
b10011 7
b10011 [
b10001 Z
b10110 =
b10110 M
b10110 T
b11100 @
b11100 H
b11100 J
b11011 ?
b11011 L
b11111111 #
b11111111 G
1)
#4365000
b11011 0
b100000000 1
#4369500
0)
#4370000
0+
#4374500
b10011 >
b10011 I
b10010 =
b10010 M
b10010 T
b11101 @
b11101 H
b11101 J
b11100 ?
b11100 L
b10001 7
b10001 [
b0 #
b0 G
1)
#4375000
b11100 0
b100000001 1
#4376500
0A
b0 9
b0 O
b10010 V
b10000 8
b10000 S
b10000 X
b0 ;
b0 N
b0 P
b11111 :
b11111 R
b100 (
b100 4
b100000100 3
b11111 2
1+
#4379500
0)
#4383000
0+
#4384500
1B
b10001 >
b10001 I
b10000 Z
b10011 =
b10011 M
b10011 T
b11110 @
b11110 H
b11110 J
b11101 ?
b11101 L
b1 #
b1 G
1)
#4385000
b11101 0
b100000010 1
#4389500
b1 9
b1 O
b0 8
b0 S
b0 X
b1 ;
b1 N
b1 P
b0 :
b0 R
b10010 <
b10010 W
b10011 V
b101 (
b101 4
b100000101 3
b100000 2
0)
1+
#4394500
05
b10001 >
b10001 I
b10001 =
b10001 M
b10001 T
b11110 @
b11110 H
b11110 J
b11110 ?
b11110 L
0B
b10000 7
b10000 [
b0 Z
1"
b10 #
b10 G
1)
#4395000
b11110 0
b100000011 1
#4396000
0+
#4399500
0)
#4402500
b11 9
b11 O
b10011 <
b10011 W
b10001 V
b1 8
b1 S
b1 X
b10 ;
b10 N
b10 P
b1 :
b1 R
b110 (
b110 4
b100000110 3
b100001 2
1+
#4404500
b10000 >
b10000 I
b11111 @
b11111 H
b11111 J
15
0"
b0 7
b0 [
b1 Z
1)
#4409000
0+
#4409500
0)
#4414500
b0 >
b0 I
b10000 =
b10000 M
b10000 T
b0 @
b0 H
b0 J
b11111 ?
b11111 L
b1 7
b1 [
b11 #
b11 G
1)
#4415000
b11111 0
b100000100 1
#4415500
b10 9
b10 O
b11 8
b11 S
b11 X
b11 ;
b11 N
b11 P
b10 :
b10 R
b10001 <
b10001 W
b10000 V
b111 (
b111 4
b100000111 3
b100010 2
1+
#4419500
0)
#4422000
0+
#4424500
1B
b1 >
b1 I
b11 Z
b0 =
b0 M
b0 T
b1 @
b1 H
b1 J
b0 ?
b0 L
b100 #
b100 G
1)
#4425000
b100000 0
b100000101 1
#4428500
b110 9
b110 O
b10000 <
b10000 W
b0 V
b10 8
b10 S
b10 X
b100 ;
b100 N
b100 P
b11 :
b11 R
b1000 (
b1000 4
b100001000 3
b100011 2
1+
#4429500
0)
#4434500
05
b1 >
b1 I
b1 =
b1 M
b1 T
b1 @
b1 H
b1 J
b1 ?
b1 L
0B
b11 7
b11 [
b10 Z
1"
b101 #
b101 G
1)
#4435000
b100001 0
b100000110 1
0+
#4439500
0)
#4441500
b111 9
b111 O
b110 8
b110 S
b110 X
b101 ;
b101 N
b101 P
b100 :
b100 R
b0 <
b0 W
b1 V
b1001 (
b1001 4
b100001001 3
b100100 2
1+
#4444500
0B
b11 >
b11 I
b10 @
b10 H
b10 J
15
0"
b10 7
b10 [
b110 Z
1)
#4448000
0+
#4449500
0)
#4454500
b10 >
b10 I
b101 9
b101 O
b11 =
b11 M
b11 T
b11 @
b11 H
b11 J
b10 ?
b10 L
b110 7
b110 [
b110 #
b110 G
b1 <
b1 W
b111 8
b111 S
b111 X
b110 ;
b110 N
b110 P
b101 :
b101 R
b1010 (
b1010 4
b100001010 3
b100101 2
1)
1+
#4455000
b100010 0
b100000111 1
#4459500
0)
#4461000
0+
#4464500
1B
b110 >
b110 I
b111 Z
b10 =
b10 M
b10 T
b100 @
b100 H
b100 J
b11 ?
b11 L
b111 #
b111 G
1)
#4465000
b100011 0
b100001000 1
#4467500
b100 9
b100 O
b101 8
b101 S
b101 X
b111 ;
b111 N
b111 P
b110 :
b110 R
b10 V
b1011 (
b1011 4
b100001011 3
b100110 2
1+
#4469500
0)
#4474000
0+
#4474500
05
b110 >
b110 I
b110 =
b110 M
b110 T
b100 @
b100 H
b100 J
b100 ?
b100 L
0B
b111 7
b111 [
b101 Z
1"
b1000 #
b1000 G
1)
#4475000
b100100 0
b100001001 1
#4479500
0)
#4480500
b1100 9
b1100 O
b10 <
b10 W
b110 V
b100 8
b100 S
b100 X
b1000 ;
b1000 N
b1000 P
b111 :
b111 R
b1100 (
b1100 4
b100001100 3
b100111 2
1+
#4484500
b111 >
b111 I
b101 @
b101 H
b101 J
15
0"
b101 7
b101 [
b100 Z
1)
#4487000
0+
#4489500
0)
#4493500
b1101 9
b1101 O
b1100 8
b1100 S
b1100 X
b1001 ;
b1001 N
b1001 P
b1000 :
b1000 R
b110 <
b110 W
b1101 (
b1101 4
b100001101 3
b101000 2
1+
#4494500
0B
b101 >
b101 I
b111 =
b111 M
b111 T
b110 @
b110 H
b110 J
b101 ?
b101 L
b100 7
b100 [
b1100 Z
b1001 #
b1001 G
1)
#4495000
b100101 0
b100001010 1
#4499500
0)
#4500000
0+
#4504500
b100 >
b100 I
b1100 7
b1100 [
b101 =
b101 M
b101 T
b111 @
b111 H
b111 J
b110 ?
b110 L
b1010 #
b1010 G
1)
#4505000
b100110 0
b100001011 1
#4506500
b1111 9
b1111 O
b101 V
b1101 8
b1101 S
b1101 X
b1010 ;
b1010 N
b1010 P
b1001 :
b1001 R
b1110 (
b1110 4
b100001110 3
b101001 2
1+
#4509500
0)
#4513000
0+
#4514500
1B
b1100 >
b1100 I
b100 =
b100 M
b100 T
b1000 @
b1000 H
b1000 J
b111 ?
b111 L
b1101 Z
b1011 #
b1011 G
1)
#4515000
b100111 0
b100001100 1
#4519500
b1110 9
b1110 O
b1111 8
b1111 S
b1111 X
b1011 ;
b1011 N
b1011 P
b1010 :
b1010 R
b101 <
b101 W
b100 V
b1111 (
b1111 4
b100001111 3
b101010 2
0)
1+
#4524500
05
b1100 >
b1100 I
1"
0B
b1101 7
b1101 [
b1111 Z
b1100 =
b1100 M
b1100 T
b1000 @
b1000 H
b1000 J
b1000 ?
b1000 L
b1100 #
b1100 G
1)
#4525000
b101000 0
b100001101 1
#4526000
0+
#4529500
0)
#4532500
b1010 9
b1010 O
b100 <
b100 W
b1100 V
b1110 8
b1110 S
b1110 X
b1100 ;
b1100 N
b1100 P
b1011 :
b1011 R
b10000 (
b10000 4
b100010000 3
b101011 2
1+
#4534500
b1101 >
b1101 I
b1001 @
b1001 H
b1001 J
15
b1111 7
b1111 [
b1110 Z
0"
1)
#4539000
0+
#4539500
0)
#4544500
0B
b1111 >
b1111 I
b1110 7
b1110 [
b1101 =
b1101 M
b1101 T
b1010 @
b1010 H
b1010 J
b1001 ?
b1001 L
b1101 #
b1101 G
1)
#4545000
b101001 0
b100001110 1
#4545500
b1011 9
b1011 O
b1010 8
b1010 S
b1010 X
b1101 ;
b1101 N
b1101 P
b1100 :
b1100 R
b1100 <
b1100 W
b1101 V
b10001 (
b10001 4
b100010001 3
b101100 2
1+
#4549500
0)
#4552000
0+
#4554500
1B
b1110 >
b1110 I
b1111 =
b1111 M
b1111 T
b1011 @
b1011 H
b1011 J
b1010 ?
b1010 L
b1010 Z
b1110 #
b1110 G
1)
#4555000
b101010 0
b100001111 1
#4558500
b1001 9
b1001 O
b1101 <
b1101 W
b1111 V
b1011 8
b1011 S
b1011 X
b1110 ;
b1110 N
b1110 P
b1101 :
b1101 R
b10010 (
b10010 4
b100010010 3
b101101 2
1+
#4559500
0)
#4564500
05
b1110 >
b1110 I
1"
0B
b1010 7
b1010 [
b1011 Z
b1110 =
b1110 M
b1110 T
b1011 @
b1011 H
b1011 J
b1011 ?
b1011 L
b1111 #
b1111 G
1)
#4565000
b101011 0
b100010000 1
0+
#4569500
0)
#4571500
b1000 9
b1000 O
b1001 8
b1001 S
b1001 X
b1111 ;
b1111 N
b1111 P
b1110 :
b1110 R
b1111 <
b1111 W
b1110 V
b10011 (
b10011 4
b100010011 3
b101110 2
1+
#4574500
b1010 >
b1010 I
b1100 @
b1100 H
b1100 J
15
b1011 7
b1011 [
b1001 Z
0"
1)
#4578000
0+
#4579500
0)
#4584500
b1011 >
b1011 I
0A
b11000 9
b11000 O
b1001 7
b1001 [
b1010 =
b1010 M
b1010 T
b1101 @
b1101 H
b1101 J
b1100 ?
b1100 L
b10000 #
b10000 G
b1110 <
b1110 W
b1000 8
b1000 S
b1000 X
b10000 ;
b10000 N
b10000 P
b1111 :
b1111 R
b10100 (
b10100 4
b100010100 3
b101111 2
1)
1+
#4585000
b101100 0
b100010001 1
#4589500
0)
#4591000
0+
#4594500
1B
b1001 >
b1001 I
b1011 =
b1011 M
b1011 T
b1110 @
b1110 H
b1110 J
b1101 ?
b1101 L
b1000 Z
b10001 #
b10001 G
1)
#4595000
b101101 0
b100010010 1
#4597500
b11001 9
b11001 O
b11000 8
b11000 S
b11000 X
b10001 ;
b10001 N
b10001 P
b10000 :
b10000 R
b1011 V
b10101 (
b10101 4
b100010101 3
b110000 2
1+
#4599500
0)
#4604000
0+
#4604500
05
b1001 >
b1001 I
1"
0B
b1000 7
b1000 [
b11000 Z
b1001 =
b1001 M
b1001 T
b1110 @
b1110 H
b1110 J
b1110 ?
b1110 L
b10010 #
b10010 G
1)
#4605000
b101110 0
b100010011 1
#4609500
0)
#4610500
b11011 9
b11011 O
b1011 <
b1011 W
b1001 V
b11001 8
b11001 S
b11001 X
b10010 ;
b10010 N
b10010 P
b10001 :
b10001 R
b10110 (
b10110 4
b100010110 3
b110001 2
1+
#4614500
b1000 >
b1000 I
b1111 @
b1111 H
b1111 J
15
b11000 7
b11000 [
b11001 Z
0"
1)
#4617000
0+
#4619500
0)
#4623500
b11010 9
b11010 O
b11011 8
b11011 S
b11011 X
b10011 ;
b10011 N
b10011 P
b10010 :
b10010 R
b1001 <
b1001 W
b10111 (
b10111 4
b100010111 3
b110010 2
1+
#4624500
b11000 >
b11000 I
b11001 7
b11001 [
b11011 Z
b1000 =
b1000 M
b1000 T
b10000 @
b10000 H
b10000 J
b1111 ?
b1111 L
b10011 #
b10011 G
1)
#4625000
b101111 0
b100010100 1
#4629500
0)
#4630000
0+
#4634500
b11001 >
b11001 I
b11000 =
b11000 M
b11000 T
b10001 @
b10001 H
b10001 J
b10000 ?
b10000 L
b11011 7
b11011 [
b10100 #
b10100 G
1)
#4635000
b110000 0
b100010101 1
#4636500
b11110 9
b11110 O
b11000 V
b11010 8
b11010 S
b11010 X
b10100 ;
b10100 N
b10100 P
b10011 :
b10011 R
b11000 (
b11000 4
b100011000 3
b110011 2
1+
#4639500
0)
#4643000
0+
#4644500
1B
b11011 >
b11011 I
b11010 Z
b11001 =
b11001 M
b11001 T
b10010 @
b10010 H
b10010 J
b10001 ?
b10001 L
b10101 #
b10101 G
1)
#4645000
b110001 0
b100010110 1
#4649500
b11111 9
b11111 O
b11110 8
b11110 S
b11110 X
b10101 ;
b10101 N
b10101 P
b10100 :
b10100 R
b11000 <
b11000 W
b11001 V
b11001 (
b11001 4
b100011001 3
b110100 2
0)
1+
#4654500
05
b11011 >
b11011 I
b11011 =
b11011 M
b11011 T
b10010 @
b10010 H
b10010 J
b10010 ?
b10010 L
0B
b11010 7
b11010 [
b11110 Z
1"
b10110 #
b10110 G
1)
#4655000
b110010 0
b100010111 1
#4656000
0+
#4659500
0)
#4662500
b11101 9
b11101 O
b11001 <
b11001 W
b11011 V
b11111 8
b11111 S
b11111 X
b10110 ;
b10110 N
b10110 P
b10101 :
b10101 R
b11010 (
b11010 4
b100011010 3
b110101 2
1+
#4664500
b11010 >
b11010 I
b10011 @
b10011 H
b10011 J
15
0"
b11110 7
b11110 [
b11111 Z
1)
#4669000
0+
#4669500
0)
#4674500
b11110 >
b11110 I
b11010 =
b11010 M
b11010 T
b10100 @
b10100 H
b10100 J
b10011 ?
b10011 L
b11111 7
b11111 [
b10111 #
b10111 G
1)
#4675000
b110011 0
b100011000 1
#4675500
b11100 9
b11100 O
b11101 8
b11101 S
b11101 X
b10111 ;
b10111 N
b10111 P
b10110 :
b10110 R
b11011 <
b11011 W
b11010 V
b11011 (
b11011 4
b100011011 3
b110110 2
1+
#4679500
0)
#4682000
0+
#4684500
1B
b11111 >
b11111 I
b11101 Z
b11110 =
b11110 M
b11110 T
b10101 @
b10101 H
b10101 J
b10100 ?
b10100 L
b11000 #
b11000 G
1)
#4685000
b110100 0
b100011001 1
#4688500
b10100 9
b10100 O
b11010 <
b11010 W
b11110 V
b11100 8
b11100 S
b11100 X
b11000 ;
b11000 N
b11000 P
b10111 :
b10111 R
b11100 (
b11100 4
b100011100 3
b110111 2
1+
#4689500
0)
#4694500
05
b11111 >
b11111 I
b11111 =
b11111 M
b11111 T
b10101 @
b10101 H
b10101 J
b10101 ?
b10101 L
0B
b11101 7
b11101 [
b11100 Z
1"
b11001 #
b11001 G
1)
#4695000
b110101 0
b100011010 1
0+
#4699500
0)
#4701500
b10101 9
b10101 O
b10100 8
b10100 S
b10100 X
b11001 ;
b11001 N
b11001 P
b11000 :
b11000 R
b11110 <
b11110 W
b11111 V
b11101 (
b11101 4
b100011101 3
b111000 2
1+
#4704500
0B
b11101 >
b11101 I
b10110 @
b10110 H
b10110 J
15
0"
b11100 7
b11100 [
b10100 Z
1)
#4708000
0+
#4709500
0)
#4714500
b11100 >
b11100 I
b10111 9
b10111 O
b11101 =
b11101 M
b11101 T
b10111 @
b10111 H
b10111 J
b10110 ?
b10110 L
b10100 7
b10100 [
b11010 #
b11010 G
b11111 <
b11111 W
b10101 8
b10101 S
b10101 X
b11010 ;
b11010 N
b11010 P
b11001 :
b11001 R
b11110 (
b11110 4
b100011110 3
b111001 2
1)
1+
#4715000
b110110 0
b100011011 1
#4719500
0)
#4721000
0+
#4724500
1B
b10100 >
b10100 I
b10101 Z
b11100 =
b11100 M
b11100 T
b11000 @
b11000 H
b11000 J
b10111 ?
b10111 L
b11011 #
b11011 G
1)
#4725000
b110111 0
b100011100 1
#4727500
b10110 9
b10110 O
b10111 8
b10111 S
b10111 X
b11011 ;
b11011 N
b11011 P
b11010 :
b11010 R
b11100 V
b11111 (
b11111 4
b100011111 3
b111010 2
1+
#4729500
0)
#4734000
0+
#4734500
05
b10100 >
b10100 I
b10100 =
b10100 M
b10100 T
b11000 @
b11000 H
b11000 J
b11000 ?
b11000 L
0B
b10101 7
b10101 [
b10111 Z
1"
b11100 #
b11100 G
1)
#4735000
b111000 0
b100011101 1
#4739500
0)
#4740500
b10010 9
b10010 O
b11100 <
b11100 W
b10100 V
b10110 8
b10110 S
b10110 X
b11100 ;
b11100 N
b11100 P
b11011 :
b11011 R
b100000 (
b100000 4
b100100000 3
b111011 2
1+
#4744500
b10101 >
b10101 I
b11001 @
b11001 H
b11001 J
15
0"
b10111 7
b10111 [
b10110 Z
1)
#4747000
0+
#4749500
0)
#4753500
b10011 9
b10011 O
b10010 8
b10010 S
b10010 X
b11101 ;
b11101 N
b11101 P
b11100 :
b11100 R
b10100 <
b10100 W
b100001 (
b100001 4
b100100001 3
b111100 2
1+
#4754500
0B
b10111 >
b10111 I
b10101 =
b10101 M
b10101 T
b11010 @
b11010 H
b11010 J
b11001 ?
b11001 L
b10110 7
b10110 [
b10010 Z
b11101 #
b11101 G
1)
#4755000
b111001 0
b100011110 1
#4759500
0)
#4760000
0+
#4764500
b10110 >
b10110 I
b10010 7
b10010 [
b10111 =
b10111 M
b10111 T
b11011 @
b11011 H
b11011 J
b11010 ?
b11010 L
b11110 #
b11110 G
1)
#4765000
b111010 0
b100011111 1
#4766500
b10001 9
b10001 O
b10111 V
b10011 8
b10011 S
b10011 X
b11110 ;
b11110 N
b11110 P
b11101 :
b11101 R
b100010 (
b100010 4
b100100010 3
b111101 2
1+
#4769500
0)
#4773000
0+
#4774500
1B
b10010 >
b10010 I
b10110 =
b10110 M
b10110 T
b11100 @
b11100 H
b11100 J
b11011 ?
b11011 L
b10011 Z
b11111 #
b11111 G
1)
#4775000
b111011 0
b100100000 1
#4779500
b10000 9
b10000 O
b10001 8
b10001 S
b10001 X
b11111 ;
b11111 N
b11111 P
b11110 :
b11110 R
b10111 <
b10111 W
b10110 V
b100011 (
b100011 4
b100100011 3
b111110 2
0)
1+
#4784500
05
b10010 >
b10010 I
1"
0B
b10011 7
b10011 [
b10001 Z
b10010 =
b10010 M
b10010 T
b11100 @
b11100 H
b11100 J
b11100 ?
b11100 L
b100000 #
b100000 G
1)
#4785000
b111100 0
b100100001 1
#4786000
0+
#4789500
0)
#4792500
0A
b0 9
b0 O
b10110 <
b10110 W
b10010 V
b10000 8
b10000 S
b10000 X
b0 ;
b0 N
b0 P
b11111 :
b11111 R
b100100 (
b100100 4
b100100100 3
b111111 2
1+
#4794500
b10011 >
b10011 I
b11101 @
b11101 H
b11101 J
15
b10001 7
b10001 [
b10000 Z
0"
1)
#4799000
0+
#4799500
0)
#4804500
0B
b10001 >
b10001 I
b10000 7
b10000 [
b10011 =
b10011 M
b10011 T
b11110 @
b11110 H
b11110 J
b11101 ?
b11101 L
b100001 #
b100001 G
1)
#4805000
b111101 0
b100100010 1
#4805500
b1 9
b1 O
b0 8
b0 S
b0 X
b1 ;
b1 N
b1 P
b0 :
b0 R
b10010 <
b10010 W
b10011 V
b100101 (
b100101 4
b100100101 3
b1000000 2
1+
#4809500
0)
#4812000
0+
#4814500
1B
b10000 >
b10000 I
b10001 =
b10001 M
b10001 T
b11111 @
b11111 H
b11111 J
b11110 ?
b11110 L
b0 Z
b100010 #
b100010 G
1)
#4815000
b111110 0
b100100011 1
#4818500
b11 9
b11 O
b10011 <
b10011 W
b10001 V
b1 8
b1 S
b1 X
b10 ;
b10 N
b10 P
b1 :
b1 R
b100110 (
b100110 4
b100100110 3
b1000001 2
1+
#4819500
0)
#4824500
05
b10000 >
b10000 I
1"
0B
b0 7
b0 [
b1 Z
b10000 =
b10000 M
b10000 T
b11111 @
b11111 H
b11111 J
b11111 ?
b11111 L
b100011 #
b100011 G
1)
#4825000
b111111 0
b100100100 1
0+
#4829500
0)
#4831500
b10 9
b10 O
b11 8
b11 S
b11 X
b11 ;
b11 N
b11 P
b10 :
b10 R
b10001 <
b10001 W
b10000 V
b100111 (
b100111 4
b100100111 3
b1000010 2
1+
#4834500
b0 >
b0 I
b0 @
b0 H
b0 J
15
b1 7
b1 [
b11 Z
0"
1)
#4838000
0+
#4839500
0)
#4844500
b1 >
b1 I
b110 9
b110 O
b11 7
b11 [
b0 =
b0 M
b0 T
b1 @
b1 H
b1 J
b0 ?
b0 L
b100100 #
b100100 G
b10000 <
b10000 W
b10 8
b10 S
b10 X
b100 ;
b100 N
b100 P
b11 :
b11 R
b101000 (
b101000 4
b100101000 3
b1000011 2
1)
1+
#4845000
b1000000 0
b100100101 1
#4849500
0)
#4851000
0+
#4854500
1B
b11 >
b11 I
b1 =
b1 M
b1 T
b10 @
b10 H
b10 J
b1 ?
b1 L
b10 Z
b100101 #
b100101 G
1)
#4855000
b1000001 0
b100100110 1
#4857500
b111 9
b111 O
b110 8
b110 S
b110 X
b101 ;
b101 N
b101 P
b100 :
b100 R
b1 V
b101001 (
b101001 4
b100101001 3
b1000100 2
1+
#4859500
0)
#4864000
0+
#4864500
05
b11 >
b11 I
1"
0B
b10 7
b10 [
b110 Z
b11 =
b11 M
b11 T
b10 @
b10 H
b10 J
b10 ?
b10 L
b100110 #
b100110 G
1)
#4865000
b1000010 0
b100100111 1
#4869500
0)
#4870500
b101 9
b101 O
b1 <
b1 W
b11 V
b111 8
b111 S
b111 X
b110 ;
b110 N
b110 P
b101 :
b101 R
b101010 (
b101010 4
b100101010 3
b1000101 2
1+
#4874500
b10 >
b10 I
b11 @
b11 H
b11 J
15
b110 7
b110 [
b111 Z
0"
1)
#4877000
0+
#4879500
0)
#4883500
b100 9
b100 O
b101 8
b101 S
b101 X
b111 ;
b111 N
b111 P
b110 :
b110 R
b11 <
b11 W
b101011 (
b101011 4
b100101011 3
b1000110 2
1+
#4884500
b110 >
b110 I
b111 7
b111 [
b101 Z
b10 =
b10 M
b10 T
b100 @
b100 H
b100 J
b11 ?
b11 L
b100111 #
b100111 G
1)
#4885000
b1000011 0
b100101000 1
#4889500
0)
#4890000
0+
#4894500
b111 >
b111 I
b110 =
b110 M
b110 T
b101 @
b101 H
b101 J
b100 ?
b100 L
b101 7
b101 [
b101000 #
b101000 G
1)
#4895000
b1000100 0
b100101001 1
#4896500
b1100 9
b1100 O
b110 V
b100 8
b100 S
b100 X
b1000 ;
b1000 N
b1000 P
b111 :
b111 R
b101100 (
b101100 4
b100101100 3
b1000111 2
1+
#4899500
0)
#4903000
0+
#4904500
1B
b101 >
b101 I
b100 Z
b111 =
b111 M
b111 T
b110 @
b110 H
b110 J
b101 ?
b101 L
b101001 #
b101001 G
1)
#4905000
b1000101 0
b100101010 1
#4909500
b1101 9
b1101 O
b1100 8
b1100 S
b1100 X
b1001 ;
b1001 N
b1001 P
b1000 :
b1000 R
b110 <
b110 W
b111 V
b101101 (
b101101 4
b100101101 3
b1001000 2
0)
1+
#4914500
05
b101 >
b101 I
b101 =
b101 M
b101 T
b110 @
b110 H
b110 J
b110 ?
b110 L
0B
b100 7
b100 [
b1100 Z
1"
b101010 #
b101010 G
1)
#4915000
b1000110 0
b100101011 1
#4916000
0+
#4919500
0)
#4922500
b1111 9
b1111 O
b111 <
b111 W
b101 V
b1101 8
b1101 S
b1101 X
b1010 ;
b1010 N
b1010 P
b1001 :
b1001 R
b101110 (
b101110 4
b100101110 3
b1001001 2
1+
#4924500
b100 >
b100 I
b111 @
b111 H
b111 J
15
0"
b1100 7
b1100 [
b1101 Z
1)
#4929000
0+
#4929500
0)
#4934500
b1100 >
b1100 I
b100 =
b100 M
b100 T
b1000 @
b1000 H
b1000 J
b111 ?
b111 L
b1101 7
b1101 [
b101011 #
b101011 G
1)
#4935000
b1000111 0
b100101100 1
#4935500
b1110 9
b1110 O
b1111 8
b1111 S
b1111 X
b1011 ;
b1011 N
b1011 P
b1010 :
b1010 R
b101 <
b101 W
b100 V
b101111 (
b101111 4
b100101111 3
b1001010 2
1+
#4939500
0)
#4942000
0+
#4944500
1B
b1101 >
b1101 I
b1111 Z
b1100 =
b1100 M
b1100 T
b1001 @
b1001 H
b1001 J
b1000 ?
b1000 L
b101100 #
b101100 G
1)
#4945000
b1001000 0
b100101101 1
#4948500
b1010 9
b1010 O
b100 <
b100 W
b1100 V
b1110 8
b1110 S
b1110 X
b1100 ;
b1100 N
b1100 P
b1011 :
b1011 R
b110000 (
b110000 4
b100110000 3
b1001011 2
1+
#4949500
0)
#4954500
05
b1101 >
b1101 I
b1101 =
b1101 M
b1101 T
b1001 @
b1001 H
b1001 J
b1001 ?
b1001 L
0B
b1111 7
b1111 [
b1110 Z
1"
b101101 #
b101101 G
1)
#4955000
b1001001 0
b100101110 1
0+
#4959500
0)
#4961500
b1011 9
b1011 O
b1010 8
b1010 S
b1010 X
b1101 ;
b1101 N
b1101 P
b1100 :
b1100 R
b1100 <
b1100 W
b1101 V
b110001 (
b110001 4
b100110001 3
b1001100 2
1+
#4964500
0B
b1111 >
b1111 I
b1010 @
b1010 H
b1010 J
15
0"
b1110 7
b1110 [
b1010 Z
1)
#4968000
0+
#4969500
0)
#4974500
b1110 >
b1110 I
b1001 9
b1001 O
b1111 =
b1111 M
b1111 T
b1011 @
b1011 H
b1011 J
b1010 ?
b1010 L
b1010 7
b1010 [
b101110 #
b101110 G
b1101 <
b1101 W
b1011 8
b1011 S
b1011 X
b1110 ;
b1110 N
b1110 P
b1101 :
b1101 R
b110010 (
b110010 4
b100110010 3
b1001101 2
1)
1+
#4975000
b1001010 0
b100101111 1
#4979500
0)
#4981000
0+
#4984500
1B
b1010 >
b1010 I
b1011 Z
b1110 =
b1110 M
b1110 T
b1100 @
b1100 H
b1100 J
b1011 ?
b1011 L
b101111 #
b101111 G
1)
#4985000
b1001011 0
b100110000 1
#4987500
b1000 9
b1000 O
b1001 8
b1001 S
b1001 X
b1111 ;
b1111 N
b1111 P
b1110 :
b1110 R
b1110 V
b110011 (
b110011 4
b100110011 3
b1001110 2
1+
#4989500
0)
#4994000
0+
#4994500
05
b1010 >
b1010 I
b1010 =
b1010 M
b1010 T
b1100 @
b1100 H
b1100 J
b1100 ?
b1100 L
0B
b1011 7
b1011 [
b1001 Z
1"
b110000 #
b110000 G
1)
#4995000
b1001100 0
b100110001 1
#4999500
0)
#5000500
b11000 9
b11000 O
b1110 <
b1110 W
b1010 V
b1000 8
b1000 S
b1000 X
b10000 ;
b10000 N
b10000 P
b1111 :
b1111 R
b110100 (
b110100 4
b100110100 3
b1001111 2
1+
#5004500
b1011 >
b1011 I
b1101 @
b1101 H
b1101 J
15
0"
b1001 7
b1001 [
b1000 Z
1)
#5007000
0+
#5009500
0)
#5013500
b11001 9
b11001 O
b11000 8
b11000 S
b11000 X
b10001 ;
b10001 N
b10001 P
b10000 :
b10000 R
b1010 <
b1010 W
b110101 (
b110101 4
b100110101 3
b1010000 2
1+
#5014500
0B
b1001 >
b1001 I
b1011 =
b1011 M
b1011 T
b1110 @
b1110 H
b1110 J
b1101 ?
b1101 L
b1000 7
b1000 [
b11000 Z
b110001 #
b110001 G
1)
#5015000
b1001101 0
b100110010 1
#5019500
0)
#5020000
0+
#5024500
b1000 >
b1000 I
b11000 7
b11000 [
b1001 =
b1001 M
b1001 T
b1111 @
b1111 H
b1111 J
b1110 ?
b1110 L
b110010 #
b110010 G
1)
#5025000
b1001110 0
b100110011 1
#5026500
b11011 9
b11011 O
b1001 V
b11001 8
b11001 S
b11001 X
b10010 ;
b10010 N
b10010 P
b10001 :
b10001 R
b110110 (
b110110 4
b100110110 3
b1010001 2
1+
#5029500
0)
#5033000
0+
#5034500
1B
b11000 >
b11000 I
b1000 =
b1000 M
b1000 T
b10000 @
b10000 H
b10000 J
b1111 ?
b1111 L
b11001 Z
b110011 #
b110011 G
1)
#5035000
b1001111 0
b100110100 1
#5039500
b11010 9
b11010 O
b11011 8
b11011 S
b11011 X
b10011 ;
b10011 N
b10011 P
b10010 :
b10010 R
b1001 <
b1001 W
b1000 V
b110111 (
b110111 4
b100110111 3
b1010010 2
0)
1+
#5044500
05
b11000 >
b11000 I
1"
0B
b11001 7
b11001 [
b11011 Z
b11000 =
b11000 M
b11000 T
b10000 @
b10000 H
b10000 J
b10000 ?
b10000 L
b110100 #
b110100 G
1)
#5045000
b1010000 0
b100110101 1
#5046000
0+
#5049500
0)
#5052500
b11110 9
b11110 O
b1000 <
b1000 W
b11000 V
b11010 8
b11010 S
b11010 X
b10100 ;
b10100 N
b10100 P
b10011 :
b10011 R
b111000 (
b111000 4
b100111000 3
b1010011 2
1+
#5054500
b11001 >
b11001 I
b10001 @
b10001 H
b10001 J
15
b11011 7
b11011 [
b11010 Z
0"
1)
#5059000
0+
#5059500
0)
#5064500
0B
b11011 >
b11011 I
b11010 7
b11010 [
b11001 =
b11001 M
b11001 T
b10010 @
b10010 H
b10010 J
b10001 ?
b10001 L
b110101 #
b110101 G
1)
#5065000
b1010001 0
b100110110 1
#5065500
b11111 9
b11111 O
b11110 8
b11110 S
b11110 X
b10101 ;
b10101 N
b10101 P
b10100 :
b10100 R
b11000 <
b11000 W
b11001 V
b111001 (
b111001 4
b100111001 3
b1010100 2
1+
#5069500
0)
#5072000
0+
#5074500
1B
b11010 >
b11010 I
b11011 =
b11011 M
b11011 T
b10011 @
b10011 H
b10011 J
b10010 ?
b10010 L
b11110 Z
b110110 #
b110110 G
1)
#5075000
b1010010 0
b100110111 1
#5078500
b11101 9
b11101 O
b11001 <
b11001 W
b11011 V
b11111 8
b11111 S
b11111 X
b10110 ;
b10110 N
b10110 P
b10101 :
b10101 R
b111010 (
b111010 4
b100111010 3
b1010101 2
1+
#5079500
0)
#5084500
05
b11010 >
b11010 I
1"
0B
b11110 7
b11110 [
b11111 Z
b11010 =
b11010 M
b11010 T
b10011 @
b10011 H
b10011 J
b10011 ?
b10011 L
b110111 #
b110111 G
1)
#5085000
b1010011 0
b100111000 1
0+
#5089500
0)
#5091500
b11100 9
b11100 O
b11101 8
b11101 S
b11101 X
b10111 ;
b10111 N
b10111 P
b10110 :
b10110 R
b11011 <
b11011 W
b11010 V
b111011 (
b111011 4
b100111011 3
b1010110 2
1+
#5094500
b11110 >
b11110 I
b10100 @
b10100 H
b10100 J
15
b11111 7
b11111 [
b11101 Z
0"
1)
#5098000
0+
#5099500
0)
#5104500
b11111 >
b11111 I
b10100 9
b10100 O
b11101 7
b11101 [
b11110 =
b11110 M
b11110 T
b10101 @
b10101 H
b10101 J
b10100 ?
b10100 L
b111000 #
b111000 G
b11010 <
b11010 W
b11100 8
b11100 S
b11100 X
b11000 ;
b11000 N
b11000 P
b10111 :
b10111 R
b111100 (
b111100 4
b100111100 3
b1010111 2
1)
1+
#5105000
b1010100 0
b100111001 1
#5109500
0)
#5111000
0+
#5114500
1B
b11101 >
b11101 I
b11111 =
b11111 M
b11111 T
b10110 @
b10110 H
b10110 J
b10101 ?
b10101 L
b11100 Z
b111001 #
b111001 G
1)
#5115000
b1010101 0
b100111010 1
#5117500
b10101 9
b10101 O
b10100 8
b10100 S
b10100 X
b11001 ;
b11001 N
b11001 P
b11000 :
b11000 R
b11111 V
b111101 (
b111101 4
b100111101 3
b1011000 2
1+
#5119500
0)
#5124000
0+
#5124500
05
b11101 >
b11101 I
1"
0B
b11100 7
b11100 [
b10100 Z
b11101 =
b11101 M
b11101 T
b10110 @
b10110 H
b10110 J
b10110 ?
b10110 L
b111010 #
b111010 G
1)
#5125000
b1010110 0
b100111011 1
#5129500
0)
#5130500
b10111 9
b10111 O
b11111 <
b11111 W
b11101 V
b10101 8
b10101 S
b10101 X
b11010 ;
b11010 N
b11010 P
b11001 :
b11001 R
b111110 (
b111110 4
b100111110 3
b1011001 2
1+
#5134500
b11100 >
b11100 I
b10111 @
b10111 H
b10111 J
15
b10100 7
b10100 [
b10101 Z
0"
1)
#5137000
0+
#5139500
0)
#5143500
b10110 9
b10110 O
b10111 8
b10111 S
b10111 X
b11011 ;
b11011 N
b11011 P
b11010 :
b11010 R
b11101 <
b11101 W
b111111 (
b111111 4
b100111111 3
b1011010 2
1+
#5144500
b10100 >
b10100 I
b10101 7
b10101 [
b10111 Z
b11100 =
b11100 M
b11100 T
b11000 @
b11000 H
b11000 J
b10111 ?
b10111 L
b111011 #
b111011 G
1)
#5145000
b1010111 0
b100111100 1
#5149500
0)
#5150000
0+
#5154500
b10101 >
b10101 I
b10100 =
b10100 M
b10100 T
b11001 @
b11001 H
b11001 J
b11000 ?
b11000 L
b10111 7
b10111 [
b111100 #
b111100 G
1)
#5155000
b1011000 0
b100111101 1
#5156500
b10010 9
b10010 O
b10100 V
b10110 8
b10110 S
b10110 X
b11100 ;
b11100 N
b11100 P
b11011 :
b11011 R
b1000000 (
b1000000 4
b101000000 3
b1011011 2
1+
#5159500
0)
#5163000
0+
#5164500
1B
b10111 >
b10111 I
b10110 Z
b10101 =
b10101 M
b10101 T
b11010 @
b11010 H
b11010 J
b11001 ?
b11001 L
b111101 #
b111101 G
1)
#5165000
b1011001 0
b100111110 1
#5169500
b10011 9
b10011 O
b10010 8
b10010 S
b10010 X
b11101 ;
b11101 N
b11101 P
b11100 :
b11100 R
b10100 <
b10100 W
b10101 V
b1000001 (
b1000001 4
b101000001 3
b1011100 2
0)
1+
#5174500
05
b10111 >
b10111 I
b10111 =
b10111 M
b10111 T
b11010 @
b11010 H
b11010 J
b11010 ?
b11010 L
0B
b10110 7
b10110 [
b10010 Z
1"
b111110 #
b111110 G
1)
#5175000
b1011010 0
b100111111 1
#5176000
0+
#5179500
0)
#5182500
b10001 9
b10001 O
b10101 <
b10101 W
b10111 V
b10011 8
b10011 S
b10011 X
b11110 ;
b11110 N
b11110 P
b11101 :
b11101 R
b1000010 (
b1000010 4
b101000010 3
b1011101 2
1+
#5184500
b10110 >
b10110 I
b11011 @
b11011 H
b11011 J
15
0"
b10010 7
b10010 [
b10011 Z
1)
#5189000
0+
#5189500
0)
#5194500
b10010 >
b10010 I
b10110 =
b10110 M
b10110 T
b11100 @
b11100 H
b11100 J
b11011 ?
b11011 L
b10011 7
b10011 [
b111111 #
b111111 G
1)
#5195000
b1011011 0
b101000000 1
#5195500
b10000 9
b10000 O
b10001 8
b10001 S
b10001 X
b11111 ;
b11111 N
b11111 P
b11110 :
b11110 R
b10111 <
b10111 W
b10110 V
b1000011 (
b1000011 4
b101000011 3
b1011110 2
1+
#5199500
0)
#5202000
0+
#5204500
1B
b10011 >
b10011 I
b10001 Z
b10010 =
b10010 M
b10010 T
b11101 @
b11101 H
b11101 J
b11100 ?
b11100 L
b1000000 #
b1000000 G
1)
#5205000
b1011100 0
b101000001 1
#5208500
0A
b0 9
b0 O
b10110 <
b10110 W
b10010 V
b10000 8
b10000 S
b10000 X
b0 ;
b0 N
b0 P
b11111 :
b11111 R
b1000100 (
b1000100 4
b101000100 3
b1011111 2
1+
#5209500
0)
#5214500
05
b10011 >
b10011 I
b10011 =
b10011 M
b10011 T
b11101 @
b11101 H
b11101 J
b11101 ?
b11101 L
0B
b10001 7
b10001 [
b10000 Z
1"
b1000001 #
b1000001 G
1)
#5215000
b1011101 0
b101000010 1
0+
#5219500
0)
#5221500
b1 9
b1 O
b0 8
b0 S
b0 X
b1 ;
b1 N
b1 P
b0 :
b0 R
b10010 <
b10010 W
b10011 V
b1000101 (
b1000101 4
b101000101 3
b1100000 2
1+
#5224500
0B
b10001 >
b10001 I
b11110 @
b11110 H
b11110 J
15
0"
b10000 7
b10000 [
b0 Z
1)
#5228000
0+
#5229500
0)
#5234500
b10000 >
b10000 I
b11 9
b11 O
b10001 =
b10001 M
b10001 T
b11111 @
b11111 H
b11111 J
b11110 ?
b11110 L
b0 7
b0 [
b1000010 #
b1000010 G
b10011 <
b10011 W
b1 8
b1 S
b1 X
b10 ;
b10 N
b10 P
b1 :
b1 R
b1000110 (
b1000110 4
b101000110 3
b1100001 2
1)
1+
#5235000
b1011110 0
b101000011 1
#5239500
0)
#5241000
0+
#5244500
1B
b0 >
b0 I
b1 Z
b10000 =
b10000 M
b10000 T
b0 @
b0 H
b0 J
b11111 ?
b11111 L
b1000011 #
b1000011 G
1)
#5245000
b1011111 0
b101000100 1
#5247500
b10 9
b10 O
b11 8
b11 S
b11 X
b11 ;
b11 N
b11 P
b10 :
b10 R
b10000 V
b1000111 (
b1000111 4
b101000111 3
b1100010 2
1+
#5249500
0)
#5254000
0+
#5254500
05
b0 >
b0 I
b0 =
b0 M
b0 T
b0 @
b0 H
b0 J
b0 ?
b0 L
0B
b1 7
b1 [
b11 Z
1"
b1000100 #
b1000100 G
1)
#5255000
b1100000 0
b101000101 1
#5259500
0)
#5260500
b110 9
b110 O
b10000 <
b10000 W
b0 V
b10 8
b10 S
b10 X
b100 ;
b100 N
b100 P
b11 :
b11 R
b1001000 (
b1001000 4
b101001000 3
b1100011 2
1+
#5264500
b1 >
b1 I
b1 @
b1 H
b1 J
15
0"
b11 7
b11 [
b10 Z
1)
#5267000
0+
#5269500
0)
#5273500
b111 9
b111 O
b110 8
b110 S
b110 X
b101 ;
b101 N
b101 P
b100 :
b100 R
b0 <
b0 W
b1001001 (
b1001001 4
b101001001 3
b1100100 2
1+
#5274500
0B
b11 >
b11 I
b1 =
b1 M
b1 T
b10 @
b10 H
b10 J
b1 ?
b1 L
b10 7
b10 [
b110 Z
b1000101 #
b1000101 G
1)
#5275000
b1100001 0
b101000110 1
#5279500
0)
#5280000
0+
#5284500
b10 >
b10 I
b110 7
b110 [
b11 =
b11 M
b11 T
b11 @
b11 H
b11 J
b10 ?
b10 L
b1000110 #
b1000110 G
1)
#5285000
b1100010 0
b101000111 1
#5286500
b101 9
b101 O
b11 V
b111 8
b111 S
b111 X
b110 ;
b110 N
b110 P
b101 :
b101 R
b1001010 (
b1001010 4
b101001010 3
b1100101 2
1+
#5289500
0)
#5293000
0+
#5294500
1B
b110 >
b110 I
b10 =
b10 M
b10 T
b100 @
b100 H
b100 J
b11 ?
b11 L
b111 Z
b1000111 #
b1000111 G
1)
#5295000
b1100011 0
b101001000 1
#5299500
b100 9
b100 O
b101 8
b101 S
b101 X
b111 ;
b111 N
b111 P
b110 :
b110 R
b11 <
b11 W
b10 V
b1001011 (
b1001011 4
b101001011 3
b1100110 2
0)
1+
#5304500
05
b110 >
b110 I
1"
0B
b111 7
b111 [
b101 Z
b110 =
b110 M
b110 T
b100 @
b100 H
b100 J
b100 ?
b100 L
b1001000 #
b1001000 G
1)
#5305000
b1100100 0
b101001001 1
#5306000
0+
#5309500
0)
#5312500
b1100 9
b1100 O
b10 <
b10 W
b110 V
b100 8
b100 S
b100 X
b1000 ;
b1000 N
b1000 P
b111 :
b111 R
b1001100 (
b1001100 4
b101001100 3
b1100111 2
1+
#5314500
b111 >
b111 I
b101 @
b101 H
b101 J
15
b101 7
b101 [
b100 Z
0"
1)
#5319000
0+
#5319500
0)
#5324500
0B
b101 >
b101 I
b100 7
b100 [
b111 =
b111 M
b111 T
b110 @
b110 H
b110 J
b101 ?
b101 L
b1001001 #
b1001001 G
1)
#5325000
b1100101 0
b101001010 1
#5325500
b1101 9
b1101 O
b1100 8
b1100 S
b1100 X
b1001 ;
b1001 N
b1001 P
b1000 :
b1000 R
b110 <
b110 W
b111 V
b1001101 (
b1001101 4
b101001101 3
b1101000 2
1+
#5329500
0)
#5332000
0+
#5334500
1B
b100 >
b100 I
b101 =
b101 M
b101 T
b111 @
b111 H
b111 J
b110 ?
b110 L
b1100 Z
b1001010 #
b1001010 G
1)
#5335000
b1100110 0
b101001011 1
#5338500
b1111 9
b1111 O
b111 <
b111 W
b101 V
b1101 8
b1101 S
b1101 X
b1010 ;
b1010 N
b1010 P
b1001 :
b1001 R
b1001110 (
b1001110 4
b101001110 3
b1101001 2
1+
#5339500
0)
#5344500
05
b100 >
b100 I
1"
0B
b1100 7
b1100 [
b1101 Z
b100 =
b100 M
b100 T
b111 @
b111 H
b111 J
b111 ?
b111 L
b1001011 #
b1001011 G
1)
#5345000
b1100111 0
b101001100 1
0+
#5349500
0)
#5351500
b1110 9
b1110 O
b1111 8
b1111 S
b1111 X
b1011 ;
b1011 N
b1011 P
b1010 :
b1010 R
b101 <
b101 W
b100 V
b1001111 (
b1001111 4
b101001111 3
b1101010 2
1+
#5354500
b1100 >
b1100 I
b1000 @
b1000 H
b1000 J
15
b1101 7
b1101 [
b1111 Z
0"
1)
#5358000
0+
#5359500
0)
#5364500
b1101 >
b1101 I
b1010 9
b1010 O
b1111 7
b1111 [
b1100 =
b1100 M
b1100 T
b1001 @
b1001 H
b1001 J
b1000 ?
b1000 L
b1001100 #
b1001100 G
b100 <
b100 W
b1110 8
b1110 S
b1110 X
b1100 ;
b1100 N
b1100 P
b1011 :
b1011 R
b1010000 (
b1010000 4
b101010000 3
b1101011 2
1)
1+
#5365000
b1101000 0
b101001101 1
#5369500
0)
#5371000
0+
#5374500
1B
b1111 >
b1111 I
b1101 =
b1101 M
b1101 T
b1010 @
b1010 H
b1010 J
b1001 ?
b1001 L
b1110 Z
b1001101 #
b1001101 G
1)
#5375000
b1101001 0
b101001110 1
#5377500
b1011 9
b1011 O
b1010 8
b1010 S
b1010 X
b1101 ;
b1101 N
b1101 P
b1100 :
b1100 R
b1101 V
b1010001 (
b1010001 4
b101010001 3
b1101100 2
1+
#5379500
0)
#5384000
0+
#5384500
05
b1111 >
b1111 I
1"
0B
b1110 7
b1110 [
b1010 Z
b1111 =
b1111 M
b1111 T
b1010 @
b1010 H
b1010 J
b1010 ?
b1010 L
b1001110 #
b1001110 G
1)
#5385000
b1101010 0
b101001111 1
#5389500
0)
#5390500
b1001 9
b1001 O
b1101 <
b1101 W
b1111 V
b1011 8
b1011 S
b1011 X
b1110 ;
b1110 N
b1110 P
b1101 :
b1101 R
b1010010 (
b1010010 4
b101010010 3
b1101101 2
1+
#5394500
b1110 >
b1110 I
b1011 @
b1011 H
b1011 J
15
b1010 7
b1010 [
b1011 Z
0"
1)
#5397000
0+
#5399500
0)
#5403500
b1000 9
b1000 O
b1001 8
b1001 S
b1001 X
b1111 ;
b1111 N
b1111 P
b1110 :
b1110 R
b1111 <
b1111 W
b1010011 (
b1010011 4
b101010011 3
b1101110 2
1+
#5404500
b1010 >
b1010 I
b1011 7
b1011 [
b1001 Z
b1110 =
b1110 M
b1110 T
b1100 @
b1100 H
b1100 J
b1011 ?
b1011 L
b1001111 #
b1001111 G
1)
#5405000
b1101011 0
b101010000 1
#5409500
0)
#5410000
0+
#5414500
b1011 >
b1011 I
b1010 =
b1010 M
b1010 T
b1101 @
b1101 H
b1101 J
b1100 ?
b1100 L
b1001 7
b1001 [
b1010000 #
b1010000 G
1)
#5415000
b1101100 0
b101010001 1
#5416500
0A
b11000 9
b11000 O
b1010 V
b1000 8
b1000 S
b1000 X
b10000 ;
b10000 N
b10000 P
b1111 :
b1111 R
b1010100 (
b1010100 4
b101010100 3
b1101111 2
1+
#5419500
0)
#5423000
0+
#5424500
1B
b1001 >
b1001 I
b1000 Z
b1011 =
b1011 M
b1011 T
b1110 @
b1110 H
b1110 J
b1101 ?
b1101 L
b1010001 #
b1010001 G
1)
#5425000
b1101101 0
b101010010 1
#5429500
b11001 9
b11001 O
b11000 8
b11000 S
b11000 X
b10001 ;
b10001 N
b10001 P
b10000 :
b10000 R
b1010 <
b1010 W
b1011 V
b1010101 (
b1010101 4
b101010101 3
b1110000 2
0)
1+
#5434500
05
b1001 >
b1001 I
b1001 =
b1001 M
b1001 T
b1110 @
b1110 H
b1110 J
b1110 ?
b1110 L
0B
b1000 7
b1000 [
b11000 Z
1"
b1010010 #
b1010010 G
1)
#5435000
b1101110 0
b101010011 1
#5436000
0+
#5439500
0)
#5442500
b11011 9
b11011 O
b1011 <
b1011 W
b1001 V
b11001 8
b11001 S
b11001 X
b10010 ;
b10010 N
b10010 P
b10001 :
b10001 R
b1010110 (
b1010110 4
b101010110 3
b1110001 2
1+
#5444500
b1000 >
b1000 I
b1111 @
b1111 H
b1111 J
15
0"
b11000 7
b11000 [
b11001 Z
1)
#5449000
0+
#5449500
0)
#5454500
b11000 >
b11000 I
b1000 =
b1000 M
b1000 T
b10000 @
b10000 H
b10000 J
b1111 ?
b1111 L
b11001 7
b11001 [
b1010011 #
b1010011 G
1)
#5455000
b1101111 0
b101010100 1
#5455500
b11010 9
b11010 O
b11011 8
b11011 S
b11011 X
b10011 ;
b10011 N
b10011 P
b10010 :
b10010 R
b1001 <
b1001 W
b1000 V
b1010111 (
b1010111 4
b101010111 3
b1110010 2
1+
#5459500
0)
#5462000
0+
#5464500
1B
b11001 >
b11001 I
b11011 Z
b11000 =
b11000 M
b11000 T
b10001 @
b10001 H
b10001 J
b10000 ?
b10000 L
b1010100 #
b1010100 G
1)
#5465000
b1110000 0
b101010101 1
#5468500
b11110 9
b11110 O
b1000 <
b1000 W
b11000 V
b11010 8
b11010 S
b11010 X
b10100 ;
b10100 N
b10100 P
b10011 :
b10011 R
b1011000 (
b1011000 4
b101011000 3
b1110011 2
1+
#5469500
0)
#5474500
05
b11001 >
b11001 I
b11001 =
b11001 M
b11001 T
b10001 @
b10001 H
b10001 J
b10001 ?
b10001 L
0B
b11011 7
b11011 [
b11010 Z
1"
b1010101 #
b1010101 G
1)
#5475000
b1110001 0
b101010110 1
0+
#5479500
0)
#5481500
b11111 9
b11111 O
b11110 8
b11110 S
b11110 X
b10101 ;
b10101 N
b10101 P
b10100 :
b10100 R
b11000 <
b11000 W
b11001 V
b1011001 (
b1011001 4
b101011001 3
b1110100 2
1+
#5484500
0B
b11011 >
b11011 I
b10010 @
b10010 H
b10010 J
15
0"
b11010 7
b11010 [
b11110 Z
1)
#5488000
0+
#5489500
0)
#5494500
b11010 >
b11010 I
b11101 9
b11101 O
b11011 =
b11011 M
b11011 T
b10011 @
b10011 H
b10011 J
b10010 ?
b10010 L
b11110 7
b11110 [
b1010110 #
b1010110 G
b11001 <
b11001 W
b11111 8
b11111 S
b11111 X
b10110 ;
b10110 N
b10110 P
b10101 :
b10101 R
b1011010 (
b1011010 4
b101011010 3
b1110101 2
1)
1+
#5495000
b1110010 0
b101010111 1
#5499500
0)
#5501000
0+
#5504500
1B
b11110 >
b11110 I
b11111 Z
b11010 =
b11010 M
b11010 T
b10100 @
b10100 H
b10100 J
b10011 ?
b10011 L
b1010111 #
b1010111 G
1)
#5505000
b1110011 0
b101011000 1
#5507500
b11100 9
b11100 O
b11101 8
b11101 S
b11101 X
b10111 ;
b10111 N
b10111 P
b10110 :
b10110 R
b11010 V
b1011011 (
b1011011 4
b101011011 3
b1110110 2
1+
#5509500
0)
#5514000
0+
#5514500
05
b11110 >
b11110 I
b11110 =
b11110 M
b11110 T
b10100 @
b10100 H
b10100 J
b10100 ?
b10100 L
0B
b11111 7
b11111 [
b11101 Z
1"
b1011000 #
b1011000 G
1)
#5515000
b1110100 0
b101011001 1
#5519500
0)
#5520500
b10100 9
b10100 O
b11010 <
b11010 W
b11110 V
b11100 8
b11100 S
b11100 X
b11000 ;
b11000 N
b11000 P
b10111 :
b10111 R
b1011100 (
b1011100 4
b101011100 3
b1110111 2
1+
#5524500
b11111 >
b11111 I
b10101 @
b10101 H
b10101 J
15
0"
b11101 7
b11101 [
b11100 Z
1)
#5527000
0+
#5529500
0)
#5533500
b10101 9
b10101 O
b10100 8
b10100 S
b10100 X
b11001 ;
b11001 N
b11001 P
b11000 :
b11000 R
b11110 <
b11110 W
b1011101 (
b1011101 4
b101011101 3
b1111000 2
1+
#5534500
0B
b11101 >
b11101 I
b11111 =
b11111 M
b11111 T
b10110 @
b10110 H
b10110 J
b10101 ?
b10101 L
b11100 7
b11100 [
b10100 Z
b1011001 #
b1011001 G
1)
#5535000
b1110101 0
b101011010 1
#5539500
0)
#5540000
0+
#5544500
b11100 >
b11100 I
b10100 7
b10100 [
b11101 =
b11101 M
b11101 T
b10111 @
b10111 H
b10111 J
b10110 ?
b10110 L
b1011010 #
b1011010 G
1)
#5545000
b1110110 0
b101011011 1
#5546500
b10111 9
b10111 O
b11101 V
b10101 8
b10101 S
b10101 X
b11010 ;
b11010 N
b11010 P
b11001 :
b11001 R
b1011110 (
b1011110 4
b101011110 3
b1111001 2
1+
#5549500
0)
#5553000
0+
#5554500
1B
b10100 >
b10100 I
b11100 =
b11100 M
b11100 T
b11000 @
b11000 H
b11000 J
b10111 ?
b10111 L
b10101 Z
b1011011 #
b1011011 G
1)
#5555000
b1110111 0
b101011100 1
#5559500
b10110 9
b10110 O
b10111 8
b10111 S
b10111 X
b11011 ;
b11011 N
b11011 P
b11010 :
b11010 R
b11101 <
b11101 W
b11100 V
b1011111 (
b1011111 4
b101011111 3
b1111010 2
0)
1+
#5564500
05
b10100 >
b10100 I
1"
0B
b10101 7
b10101 [
b10111 Z
b10100 =
b10100 M
b10100 T
b11000 @
b11000 H
b11000 J
b11000 ?
b11000 L
b1011100 #
b1011100 G
1)
#5565000
b1111000 0
b101011101 1
#5566000
0+
#5569500
0)
#5572500
b10010 9
b10010 O
b11100 <
b11100 W
b10100 V
b10110 8
b10110 S
b10110 X
b11100 ;
b11100 N
b11100 P
b11011 :
b11011 R
b1100000 (
b1100000 4
b101100000 3
b1111011 2
1+
#5574500
b10101 >
b10101 I
b11001 @
b11001 H
b11001 J
15
b10111 7
b10111 [
b10110 Z
0"
1)
#5579000
0+
#5579500
0)
#5584500
0B
b10111 >
b10111 I
b10110 7
b10110 [
b10101 =
b10101 M
b10101 T
b11010 @
b11010 H
b11010 J
b11001 ?
b11001 L
b1011101 #
b1011101 G
1)
#5585000
b1111001 0
b101011110 1
#5585500
b10011 9
b10011 O
b10010 8
b10010 S
b10010 X
b11101 ;
b11101 N
b11101 P
b11100 :
b11100 R
b10100 <
b10100 W
b10101 V
b1100001 (
b1100001 4
b101100001 3
b1111100 2
1+
#5589500
0)
#5592000
0+
#5594500
1B
b10110 >
b10110 I
b10111 =
b10111 M
b10111 T
b11011 @
b11011 H
b11011 J
b11010 ?
b11010 L
b10010 Z
b1011110 #
b1011110 G
1)
#5595000
b1111010 0
b101011111 1
#5598500
b10001 9
b10001 O
b10101 <
b10101 W
b10111 V
b10011 8
b10011 S
b10011 X
b11110 ;
b11110 N
b11110 P
b11101 :
b11101 R
b1100010 (
b1100010 4
b101100010 3
b1111101 2
1+
#5599500
0)
#5604500
05
b10110 >
b10110 I
1"
0B
b10010 7
b10010 [
b10011 Z
b10110 =
b10110 M
b10110 T
b11011 @
b11011 H
b11011 J
b11011 ?
b11011 L
b1011111 #
b1011111 G
1)
#5605000
b1111011 0
b101100000 1
0+
#5609500
0)
#5611500
b10000 9
b10000 O
b10001 8
b10001 S
b10001 X
b11111 ;
b11111 N
b11111 P
b11110 :
b11110 R
b10111 <
b10111 W
b10110 V
b1100011 (
b1100011 4
b101100011 3
b1111110 2
1+
#5614500
b10010 >
b10010 I
b11100 @
b11100 H
b11100 J
15
b10011 7
b10011 [
b10001 Z
0"
1)
#5618000
0+
#5619500
0)
#5624500
b10011 >
b10011 I
0A
b0 9
b0 O
b10001 7
b10001 [
b10010 =
b10010 M
b10010 T
b11101 @
b11101 H
b11101 J
b11100 ?
b11100 L
b1100000 #
b1100000 G
b10110 <
b10110 W
b10000 8
b10000 S
b10000 X
b0 ;
b0 N
b0 P
b11111 :
b11111 R
b1100100 (
b1100100 4
b101100100 3
b1111111 2
1)
1+
#5625000
b1111100 0
b101100001 1
#5629500
0)
#5631000
0+
#5634500
1B
b10001 >
b10001 I
b10011 =
b10011 M
b10011 T
b11110 @
b11110 H
b11110 J
b11101 ?
b11101 L
b10000 Z
b1100001 #
b1100001 G
1)
#5635000
b1111101 0
b101100010 1
#5637500
b1 9
b1 O
b0 8
b0 S
b0 X
b1 ;
b1 N
b1 P
b0 :
b0 R
b10011 V
b1100101 (
b1100101 4
b101100101 3
b10000000 2
1+
#5639500
0)
#5644000
0+
#5644500
05
b10001 >
b10001 I
1"
0B
b10000 7
b10000 [
b0 Z
b10001 =
b10001 M
b10001 T
b11110 @
b11110 H
b11110 J
b11110 ?
b11110 L
b1100010 #
b1100010 G
1)
#5645000
b1111110 0
b101100011 1
#5649500
0)
#5650500
b11 9
b11 O
b10011 <
b10011 W
b10001 V
b1 8
b1 S
b1 X
b10 ;
b10 N
b10 P
b1 :
b1 R
b1100110 (
b1100110 4
b101100110 3
b10000001 2
1+
#5654500
b10000 >
b10000 I
b11111 @
b11111 H
b11111 J
15
b0 7
b0 [
b1 Z
0"
1)
#5657000
0+
#5659500
0)
#5663500
b10 9
b10 O
b11 8
b11 S
b11 X
b11 ;
b11 N
b11 P
b10 :
b10 R
b10001 <
b10001 W
b1100111 (
b1100111 4
b101100111 3
b10000010 2
1+
#5664500
b0 >
b0 I
b1 7
b1 [
b11 Z
b10000 =
b10000 M
b10000 T
b0 @
b0 H
b0 J
b11111 ?
b11111 L
b1100011 #
b1100011 G
1)
#5665000
b1111111 0
b101100100 1
#5669500
0)
#5670000
0+
#5674500
b1 >
b1 I
b0 =
b0 M
b0 T
b1 @
b1 H
b1 J
b0 ?
b0 L
b11 7
b11 [
b1100100 #
b1100100 G
1)
#5675000
b10000000 0
b101100101 1
#5676500
b110 9
b110 O
b0 V
b10 8
b10 S
b10 X
b100 ;
b100 N
b100 P
b11 :
b11 R
b1101000 (
b1101000 4
b101101000 3
b10000011 2
1+
#5679500
0)
#5683000
0+
#5684500
1B
b11 >
b11 I
b10 Z
b1 =
b1 M
b1 T
b10 @
b10 H
b10 J
b1 ?
b1 L
b1100101 #
b1100101 G
1)
#5685000
b10000001 0
b101100110 1
#5689500
b111 9
b111 O
b110 8
b110 S
b110 X
b101 ;
b101 N
b101 P
b100 :
b100 R
b0 <
b0 W
b1 V
b1101001 (
b1101001 4
b101101001 3
b10000100 2
0)
1+
#5694500
05
b11 >
b11 I
b11 =
b11 M
b11 T
b10 @
b10 H
b10 J
b10 ?
b10 L
0B
b10 7
b10 [
b110 Z
1"
b1100110 #
b1100110 G
1)
#5695000
b10000010 0
b101100111 1
#5696000
0+
#5699500
0)
#5702500
b101 9
b101 O
b1 <
b1 W
b11 V
b111 8
b111 S
b111 X
b110 ;
b110 N
b110 P
b101 :
b101 R
b1101010 (
b1101010 4
b101101010 3
b10000101 2
1+
#5704500
b10 >
b10 I
b11 @
b11 H
b11 J
15
0"
b110 7
b110 [
b111 Z
1)
#5709000
0+
#5709500
0)
#5714500
b110 >
b110 I
b10 =
b10 M
b10 T
b100 @
b100 H
b100 J
b11 ?
b11 L
b111 7
b111 [
b1100111 #
b1100111 G
1)
#5715000
b10000011 0
b101101000 1
#5715500
b100 9
b100 O
b101 8
b101 S
b101 X
b111 ;
b111 N
b111 P
b110 :
b110 R
b11 <
b11 W
b10 V
b1101011 (
b1101011 4
b101101011 3
b10000110 2
1+
#5719500
0)
#5722000
0+
#5724500
1B
b111 >
b111 I
b101 Z
b110 =
b110 M
b110 T
b101 @
b101 H
b101 J
b100 ?
b100 L
b1101000 #
b1101000 G
1)
#5725000
b10000100 0
b101101001 1
#5728500
b1100 9
b1100 O
b10 <
b10 W
b110 V
b100 8
b100 S
b100 X
b1000 ;
b1000 N
b1000 P
b111 :
b111 R
b1101100 (
b1101100 4
b101101100 3
b10000111 2
1+
#5729500
0)
#5734500
05
b111 >
b111 I
b111 =
b111 M
b111 T
b101 @
b101 H
b101 J
b101 ?
b101 L
0B
b101 7
b101 [
b100 Z
1"
b1101001 #
b1101001 G
1)
#5735000
b10000101 0
b101101010 1
0+
#5739500
0)
#5741500
b1101 9
b1101 O
b1100 8
b1100 S
b1100 X
b1001 ;
b1001 N
b1001 P
b1000 :
b1000 R
b110 <
b110 W
b111 V
b1101101 (
b1101101 4
b101101101 3
b10001000 2
1+
#5744500
0B
b101 >
b101 I
b110 @
b110 H
b110 J
15
0"
b100 7
b100 [
b1100 Z
1)
#5748000
0+
#5749500
0)
#5754500
b100 >
b100 I
b1111 9
b1111 O
b101 =
b101 M
b101 T
b111 @
b111 H
b111 J
b110 ?
b110 L
b1100 7
b1100 [
b1101010 #
b1101010 G
b111 <
b111 W
b1101 8
b1101 S
b1101 X
b1010 ;
b1010 N
b1010 P
b1001 :
b1001 R
b1101110 (
b1101110 4
b101101110 3
b10001001 2
1)
1+
#5755000
b10000110 0
b101101011 1
#5759500
0)
#5761000
0+
#5764500
1B
b1100 >
b1100 I
b1101 Z
b100 =
b100 M
b100 T
b1000 @
b1000 H
b1000 J
b111 ?
b111 L
b1101011 #
b1101011 G
1)
#5765000
b10000111 0
b101101100 1
#5767500
b1110 9
b1110 O
b1111 8
b1111 S
b1111 X
b1011 ;
b1011 N
b1011 P
b1010 :
b1010 R
b100 V
b1101111 (
b1101111 4
b101101111 3
b10001010 2
1+
#5769500
0)
#5774000
0+
#5774500
05
b1100 >
b1100 I
b1100 =
b1100 M
b1100 T
b1000 @
b1000 H
b1000 J
b1000 ?
b1000 L
0B
b1101 7
b1101 [
b1111 Z
1"
b1101100 #
b1101100 G
1)
#5775000
b10001000 0
b101101101 1
#5779500
0)
#5780500
b1010 9
b1010 O
b100 <
b100 W
b1100 V
b1110 8
b1110 S
b1110 X
b1100 ;
b1100 N
b1100 P
b1011 :
b1011 R
b1110000 (
b1110000 4
b101110000 3
b10001011 2
1+
#5784500
b1101 >
b1101 I
b1001 @
b1001 H
b1001 J
15
0"
b1111 7
b1111 [
b1110 Z
1)
#5787000
0+
#5789500
0)
#5793500
b1011 9
b1011 O
b1010 8
b1010 S
b1010 X
b1101 ;
b1101 N
b1101 P
b1100 :
b1100 R
b1100 <
b1100 W
b1110001 (
b1110001 4
b101110001 3
b10001100 2
1+
#5794500
0B
b1111 >
b1111 I
b1101 =
b1101 M
b1101 T
b1010 @
b1010 H
b1010 J
b1001 ?
b1001 L
b1110 7
b1110 [
b1010 Z
b1101101 #
b1101101 G
1)
#5795000
b10001001 0
b101101110 1
#5799500
0)
#5800000
0+
#5804500
b1110 >
b1110 I
b1010 7
b1010 [
b1111 =
b1111 M
b1111 T
b1011 @
b1011 H
b1011 J
b1010 ?
b1010 L
b1101110 #
b1101110 G
1)
#5805000
b10001010 0
b101101111 1
#5806500
b1001 9
b1001 O
b1111 V
b1011 8
b1011 S
b1011 X
b1110 ;
b1110 N
b1110 P
b1101 :
b1101 R
b1110010 (
b1110010 4
b101110010 3
b10001101 2
1+
#5809500
0)
#5813000
0+
#5814500
1B
b1010 >
b1010 I
b1110 =
b1110 M
b1110 T
b1100 @
b1100 H
b1100 J
b1011 ?
b1011 L
b1011 Z
b1101111 #
b1101111 G
1)
#5815000
b10001011 0
b101110000 1
#5819500
b1000 9
b1000 O
b1001 8
b1001 S
b1001 X
b1111 ;
b1111 N
b1111 P
b1110 :
b1110 R
b1111 <
b1111 W
b1110 V
b1110011 (
b1110011 4
b101110011 3
b10001110 2
0)
1+
#5824500
05
b1010 >
b1010 I
1"
0B
b1011 7
b1011 [
b1001 Z
b1010 =
b1010 M
b1010 T
b1100 @
b1100 H
b1100 J
b1100 ?
b1100 L
b1110000 #
b1110000 G
1)
#5825000
b10001100 0
b101110001 1
#5826000
0+
#5829500
0)
#5832500
0A
b11000 9
b11000 O
b1110 <
b1110 W
b1010 V
b1000 8
b1000 S
b1000 X
b10000 ;
b10000 N
b10000 P
b1111 :
b1111 R
b1110100 (
b1110100 4
b101110100 3
b10001111 2
1+
#5834500
b1011 >
b1011 I
b1101 @
b1101 H
b1101 J
15
b1001 7
b1001 [
b1000 Z
0"
1)
#5839000
0+
#5839500
0)
#5844500
0B
b1001 >
b1001 I
b1000 7
b1000 [
b1011 =
b1011 M
b1011 T
b1110 @
b1110 H
b1110 J
b1101 ?
b1101 L
b1110001 #
b1110001 G
1)
#5845000
b10001101 0
b101110010 1
#5845500
b11001 9
b11001 O
b11000 8
b11000 S
b11000 X
b10001 ;
b10001 N
b10001 P
b10000 :
b10000 R
b1010 <
b1010 W
b1011 V
b1110101 (
b1110101 4
b101110101 3
b10010000 2
1+
#5849500
0)
#5852000
0+
#5854500
1B
b1000 >
b1000 I
b1001 =
b1001 M
b1001 T
b1111 @
b1111 H
b1111 J
b1110 ?
b1110 L
b11000 Z
b1110010 #
b1110010 G
1)
#5855000
b10001110 0
b101110011 1
#5858500
b11011 9
b11011 O
b1011 <
b1011 W
b1001 V
b11001 8
b11001 S
b11001 X
b10010 ;
b10010 N
b10010 P
b10001 :
b10001 R
b1110110 (
b1110110 4
b101110110 3
b10010001 2
1+
#5859500
0)
#5864500
05
b1000 >
b1000 I
1"
0B
b11000 7
b11000 [
b11001 Z
b1000 =
b1000 M
b1000 T
b1111 @
b1111 H
b1111 J
b1111 ?
b1111 L
b1110011 #
b1110011 G
1)
#5865000
b10001111 0
b101110100 1
0+
#5869500
0)
#5871500
b11010 9
b11010 O
b11011 8
b11011 S
b11011 X
b10011 ;
b10011 N
b10011 P
b10010 :
b10010 R
b1001 <
b1001 W
b1000 V
b1110111 (
b1110111 4
b101110111 3
b10010010 2
1+
#5874500
b11000 >
b11000 I
b10000 @
b10000 H
b10000 J
15
b11001 7
b11001 [
b11011 Z
0"
1)
#5878000
0+
#5879500
0)
#5884500
b11001 >
b11001 I
b11110 9
b11110 O
b11011 7
b11011 [
b11000 =
b11000 M
b11000 T
b10001 @
b10001 H
b10001 J
b10000 ?
b10000 L
b1110100 #
b1110100 G
b1000 <
b1000 W
b11010 8
b11010 S
b11010 X
b10100 ;
b10100 N
b10100 P
b10011 :
b10011 R
b1111000 (
b1111000 4
b101111000 3
b10010011 2
1)
1+
#5885000
b10010000 0
b101110101 1
#5889500
0)
#5891000
0+
#5894500
1B
b11011 >
b11011 I
b11001 =
b11001 M
b11001 T
b10010 @
b10010 H
b10010 J
b10001 ?
b10001 L
b11010 Z
b1110101 #
b1110101 G
1)
#5895000
b10010001 0
b101110110 1
#5897500
b11111 9
b11111 O
b11110 8
b11110 S
b11110 X
b10101 ;
b10101 N
b10101 P
b10100 :
b10100 R
b11001 V
b1111001 (
b1111001 4
b101111001 3
b10010100 2
1+
#5899500
0)
#5904000
0+
#5904500
05
b11011 >
b11011 I
1"
0B
b11010 7
b11010 [
b11110 Z
b11011 =
b11011 M
b11011 T
b10010 @
b10010 H
b10010 J
b10010 ?
b10010 L
b1110110 #
b1110110 G
1)
#5905000
b10010010 0
b101110111 1
#5909500
0)
#5910500
b11101 9
b11101 O
b11001 <
b11001 W
b11011 V
b11111 8
b11111 S
b11111 X
b10110 ;
b10110 N
b10110 P
b10101 :
b10101 R
b1111010 (
b1111010 4
b101111010 3
b10010101 2
1+
#5914500
b11010 >
b11010 I
b10011 @
b10011 H
b10011 J
15
b11110 7
b11110 [
b11111 Z
0"
1)
#5917000
0+
#5919500
0)
#5923500
b11100 9
b11100 O
b11101 8
b11101 S
b11101 X
b10111 ;
b10111 N
b10111 P
b10110 :
b10110 R
b11011 <
b11011 W
b1111011 (
b1111011 4
b101111011 3
b10010110 2
1+
#5924500
b11110 >
b11110 I
b11111 7
b11111 [
b11101 Z
b11010 =
b11010 M
b11010 T
b10100 @
b10100 H
b10100 J
b10011 ?
b10011 L
b1110111 #
b1110111 G
1)
#5925000
b10010011 0
b101111000 1
#5929500
0)
#5930000
0+
#5934500
b11111 >
b11111 I
b11110 =
b11110 M
b11110 T
b10101 @
b10101 H
b10101 J
b10100 ?
b10100 L
b11101 7
b11101 [
b1111000 #
b1111000 G
1)
#5935000
b10010100 0
b101111001 1
#5936500
b10100 9
b10100 O
b11110 V
b11100 8
b11100 S
b11100 X
b11000 ;
b11000 N
b11000 P
b10111 :
b10111 R
b1111100 (
b1111100 4
b101111100 3
b10010111 2
1+
#5939500
0)
#5943000
0+
#5944500
1B
b11101 >
b11101 I
b11100 Z
b11111 =
b11111 M
b11111 T
b10110 @
b10110 H
b10110 J
b10101 ?
b10101 L
b1111001 #
b1111001 G
1)
#5945000
b10010101 0
b101111010 1
#5949500
b10101 9
b10101 O
b10100 8
b10100 S
b10100 X
b11001 ;
b11001 N
b11001 P
b11000 :
b11000 R
b11110 <
b11110 W
b11111 V
b1111101 (
b1111101 4
b101111101 3
b10011000 2
0)
1+
#5954500
05
b11101 >
b11101 I
b11101 =
b11101 M
b11101 T
b10110 @
b10110 H
b10110 J
b10110 ?
b10110 L
0B
b11100 7
b11100 [
b10100 Z
1"
b1111010 #
b1111010 G
1)
#5955000
b10010110 0
b101111011 1
#5956000
0+
#5959500
0)
#5962500
b10111 9
b10111 O
b11111 <
b11111 W
b11101 V
b10101 8
b10101 S
b10101 X
b11010 ;
b11010 N
b11010 P
b11001 :
b11001 R
b1111110 (
b1111110 4
b101111110 3
b10011001 2
1+
#5964500
b11100 >
b11100 I
b10111 @
b10111 H
b10111 J
15
0"
b10100 7
b10100 [
b10101 Z
1)
#5969000
0+
#5969500
0)
#5974500
b10100 >
b10100 I
b11100 =
b11100 M
b11100 T
b11000 @
b11000 H
b11000 J
b10111 ?
b10111 L
b10101 7
b10101 [
b1111011 #
b1111011 G
1)
#5975000
b10010111 0
b101111100 1
#5975500
b10110 9
b10110 O
b10111 8
b10111 S
b10111 X
b11011 ;
b11011 N
b11011 P
b11010 :
b11010 R
b11101 <
b11101 W
b11100 V
b1111111 (
b1111111 4
b101111111 3
b10011010 2
1+
#5979500
0)
#5982000
0+
#5984500
1B
b10101 >
b10101 I
b10111 Z
b10100 =
b10100 M
b10100 T
b11001 @
b11001 H
b11001 J
b11000 ?
b11000 L
b1111100 #
b1111100 G
1)
#5985000
b10011000 0
b101111101 1
#5988500
b10010 9
b10010 O
b11100 <
b11100 W
b10100 V
b10110 8
b10110 S
b10110 X
b11100 ;
b11100 N
b11100 P
b11011 :
b11011 R
b10000000 (
b10000000 4
b110000000 3
b10011011 2
1+
#5989500
0)
#5994500
05
b10101 >
b10101 I
b10101 =
b10101 M
b10101 T
b11001 @
b11001 H
b11001 J
b11001 ?
b11001 L
0B
b10111 7
b10111 [
b10110 Z
1"
b1111101 #
b1111101 G
1)
#5995000
b10011001 0
b101111110 1
0+
#5999500
0)
#6001500
b10011 9
b10011 O
b10010 8
b10010 S
b10010 X
b11101 ;
b11101 N
b11101 P
b11100 :
b11100 R
b10100 <
b10100 W
b10101 V
b10000001 (
b10000001 4
b110000001 3
b10011100 2
1+
#6004500
0B
b10111 >
b10111 I
b11010 @
b11010 H
b11010 J
15
0"
b10110 7
b10110 [
b10010 Z
1)
#6008000
0+
#6009500
0)
#6014500
b10110 >
b10110 I
b10001 9
b10001 O
b10111 =
b10111 M
b10111 T
b11011 @
b11011 H
b11011 J
b11010 ?
b11010 L
b10010 7
b10010 [
b1111110 #
b1111110 G
b10101 <
b10101 W
b10011 8
b10011 S
b10011 X
b11110 ;
b11110 N
b11110 P
b11101 :
b11101 R
b10000010 (
b10000010 4
b110000010 3
b10011101 2
1)
1+
#6015000
b10011010 0
b101111111 1
#6019500
0)
#6021000
0+
#6024500
1B
b10010 >
b10010 I
b10011 Z
b10110 =
b10110 M
b10110 T
b11100 @
b11100 H
b11100 J
b11011 ?
b11011 L
b1111111 #
b1111111 G
1)
#6025000
b10011011 0
b110000000 1
#6027500
b10000 9
b10000 O
b10001 8
b10001 S
b10001 X
b11111 ;
b11111 N
b11111 P
b11110 :
b11110 R
b10110 V
b10000011 (
b10000011 4
b110000011 3
b10011110 2
1+
#6029500
0)
#6034000
0+
#6034500
05
b10010 >
b10010 I
b10010 =
b10010 M
b10010 T
b11100 @
b11100 H
b11100 J
b11100 ?
b11100 L
0B
b10011 7
b10011 [
b10001 Z
1"
b10000000 #
b10000000 G
1)
#6035000
b10011100 0
b110000001 1
#6039500
0)
#6040500
b0 9
b0 O
b10110 <
b10110 W
b10010 V
b10000 8
b10000 S
b10000 X
b0 ;
b0 N
b0 P
b11111 :
b11111 R
b10000100 (
b10000100 4
b110000100 3
b10011111 2
1+
#6044500
b10011 >
b10011 I
b11101 @
b11101 H
b11101 J
15
0"
b10001 7
b10001 [
b10000 Z
1)
#6047000
0+
#6049500
0)
#6053500
b1 9
b1 O
b0 8
b0 S
b0 X
b1 ;
b1 N
b1 P
b0 :
b0 R
b10010 <
b10010 W
b10000101 (
b10000101 4
b110000101 3
b10100000 2
1+
#6054500
0B
b10001 >
b10001 I
b10011 =
b10011 M
b10011 T
b11110 @
b11110 H
b11110 J
b11101 ?
b11101 L
b10000 7
b10000 [
b0 Z
b10000001 #
b10000001 G
1)
#6055000
b10011101 0
b110000010 1
#6059500
0)
#6060000
0+
#6064500
b10000 >
b10000 I
b0 7
b0 [
b10001 =
b10001 M
b10001 T
b11111 @
b11111 H
b11111 J
b11110 ?
b11110 L
b10000010 #
b10000010 G
1)
#6065000
b10011110 0
b110000011 1
#6066500
b11 9
b11 O
b10001 V
b1 8
b1 S
b1 X
b10 ;
b10 N
b10 P
b1 :
b1 R
b10000110 (
b10000110 4
b110000110 3
b10100001 2
1+
#6069500
0)
#6073000
0+
#6074500
1B
b0 >
b0 I
b10000 =
b10000 M
b10000 T
b0 @
b0 H
b0 J
b11111 ?
b11111 L
b1 Z
b10000011 #
b10000011 G
1)
#6075000
b10011111 0
b110000100 1
#6079500
b10 9
b10 O
b11 8
b11 S
b11 X
b11 ;
b11 N
b11 P
b10 :
b10 R
b10001 <
b10001 W
b10000 V
b10000111 (
b10000111 4
b110000111 3
b10100010 2
0)
1+
#6084500
05
b0 >
b0 I
1"
0B
b1 7
b1 [
b11 Z
b0 =
b0 M
b0 T
b0 @
b0 H
b0 J
b0 ?
b0 L
b10000100 #
b10000100 G
1)
#6085000
b10100000 0
b110000101 1
#6086000
0+
#6089500
0)
#6092500
b110 9
b110 O
b10000 <
b10000 W
b0 V
b10 8
b10 S
b10 X
b100 ;
b100 N
b100 P
b11 :
b11 R
b10001000 (
b10001000 4
b110001000 3
b10100011 2
1+
#6094500
b1 >
b1 I
b1 @
b1 H
b1 J
15
b11 7
b11 [
b10 Z
0"
1)
#6099000
0+
#6099500
0)
#6104500
0B
b11 >
b11 I
b10 7
b10 [
b1 =
b1 M
b1 T
b10 @
b10 H
b10 J
b1 ?
b1 L
b10000101 #
b10000101 G
1)
#6105000
b10100001 0
b110000110 1
#6105500
b111 9
b111 O
b110 8
b110 S
b110 X
b101 ;
b101 N
b101 P
b100 :
b100 R
b0 <
b0 W
b1 V
b10001001 (
b10001001 4
b110001001 3
b10100100 2
1+
#6109500
0)
#6112000
0+
#6114500
1B
b10 >
b10 I
b11 =
b11 M
b11 T
b11 @
b11 H
b11 J
b10 ?
b10 L
b110 Z
b10000110 #
b10000110 G
1)
#6115000
b10100010 0
b110000111 1
#6118500
b101 9
b101 O
b1 <
b1 W
b11 V
b111 8
b111 S
b111 X
b110 ;
b110 N
b110 P
b101 :
b101 R
b10001010 (
b10001010 4
b110001010 3
b10100101 2
1+
#6119500
0)
#6124500
05
b10 >
b10 I
1"
0B
b110 7
b110 [
b111 Z
b10 =
b10 M
b10 T
b11 @
b11 H
b11 J
b11 ?
b11 L
b10000111 #
b10000111 G
1)
#6125000
b10100011 0
b110001000 1
0+
#6129500
0)
#6131500
b100 9
b100 O
b101 8
b101 S
b101 X
b111 ;
b111 N
b111 P
b110 :
b110 R
b11 <
b11 W
b10 V
b10001011 (
b10001011 4
b110001011 3
b10100110 2
1+
#6134500
b110 >
b110 I
b100 @
b100 H
b100 J
15
b111 7
b111 [
b101 Z
0"
1)
#6138000
0+
#6139500
0)
#6144500
b111 >
b111 I
b1100 9
b1100 O
b101 7
b101 [
b110 =
b110 M
b110 T
b101 @
b101 H
b101 J
b100 ?
b100 L
b10001000 #
b10001000 G
b10 <
b10 W
b100 8
b100 S
b100 X
b1000 ;
b1000 N
b1000 P
b111 :
b111 R
b10001100 (
b10001100 4
b110001100 3
b10100111 2
1)
1+
#6145000
b10100100 0
b110001001 1
#6149500
0)
#6151000
0+
#6154500
1B
b101 >
b101 I
b111 =
b111 M
b111 T
b110 @
b110 H
b110 J
b101 ?
b101 L
b100 Z
b10001001 #
b10001001 G
1)
#6155000
b10100101 0
b110001010 1
#6157500
b1101 9
b1101 O
b1100 8
b1100 S
b1100 X
b1001 ;
b1001 N
b1001 P
b1000 :
b1000 R
b111 V
b10001101 (
b10001101 4
b110001101 3
b10101000 2
1+
#6159500
0)
#6164000
0+
#6164500
05
b101 >
b101 I
1"
0B
b100 7
b100 [
b1100 Z
b101 =
b101 M
b101 T
b110 @
b110 H
b110 J
b110 ?
b110 L
b10001010 #
b10001010 G
1)
#6165000
b10100110 0
b110001011 1
#6169500
0)
#6170500
b1111 9
b1111 O
b111 <
b111 W
b101 V
b1101 8
b1101 S
b1101 X
b1010 ;
b1010 N
b1010 P
b1001 :
b1001 R
b10001110 (
b10001110 4
b110001110 3
b10101001 2
1+
#6174500
b100 >
b100 I
b111 @
b111 H
b111 J
15
b1100 7
b1100 [
b1101 Z
0"
1)
#6177000
0+
#6179500
0)
#6183500
b1110 9
b1110 O
b1111 8
b1111 S
b1111 X
b1011 ;
b1011 N
b1011 P
b1010 :
b1010 R
b101 <
b101 W
b10001111 (
b10001111 4
b110001111 3
b10101010 2
1+
#6184500
b1100 >
b1100 I
b1101 7
b1101 [
b1111 Z
b100 =
b100 M
b100 T
b1000 @
b1000 H
b1000 J
b111 ?
b111 L
b10001011 #
b10001011 G
1)
#6185000
b10100111 0
b110001100 1
#6189500
0)
#6190000
0+
#6194500
b1101 >
b1101 I
b1100 =
b1100 M
b1100 T
b1001 @
b1001 H
b1001 J
b1000 ?
b1000 L
b1111 7
b1111 [
b10001100 #
b10001100 G
1)
#6195000
b10101000 0
b110001101 1
#6196500
b1010 9
b1010 O
b1100 V
b1110 8
b1110 S
b1110 X
b1100 ;
b1100 N
b1100 P
b1011 :
b1011 R
b10010000 (
b10010000 4
b110010000 3
b10101011 2
1+
#6199500
0)
#6203000
0+
#6204500
1B
b1111 >
b1111 I
b1110 Z
b1101 =
b1101 M
b1101 T
b1010 @
b1010 H
b1010 J
b1001 ?
b1001 L
b10001101 #
b10001101 G
1)
#6205000
b10101001 0
b110001110 1
#6209500
b1011 9
b1011 O
b1010 8
b1010 S
b1010 X
b1101 ;
b1101 N
b1101 P
b1100 :
b1100 R
b1100 <
b1100 W
b1101 V
b10010001 (
b10010001 4
b110010001 3
b10101100 2
0)
1+
#6214500
05
b1111 >
b1111 I
b1111 =
b1111 M
b1111 T
b1010 @
b1010 H
b1010 J
b1010 ?
b1010 L
0B
b1110 7
b1110 [
b1010 Z
1"
b10001110 #
b10001110 G
1)
#6215000
b10101010 0
b110001111 1
#6216000
0+
#6219500
0)
#6222500
b1001 9
b1001 O
b1101 <
b1101 W
b1111 V
b1011 8
b1011 S
b1011 X
b1110 ;
b1110 N
b1110 P
b1101 :
b1101 R
b10010010 (
b10010010 4
b110010010 3
b10101101 2
1+
#6224500
b1110 >
b1110 I
b1011 @
b1011 H
b1011 J
15
0"
b1010 7
b1010 [
b1011 Z
1)
#6229000
0+
#6229500
0)
#6234500
b1010 >
b1010 I
b1110 =
b1110 M
b1110 T
b1100 @
b1100 H
b1100 J
b1011 ?
b1011 L
b1011 7
b1011 [
b10001111 #
b10001111 G
1)
#6235000
b10101011 0
b110010000 1
#6235500
b1000 9
b1000 O
b1001 8
b1001 S
b1001 X
b1111 ;
b1111 N
b1111 P
b1110 :
b1110 R
b1111 <
b1111 W
b1110 V
b10010011 (
b10010011 4
b110010011 3
b10101110 2
1+
#6239500
0)
#6242000
0+
#6244500
1B
b1011 >
b1011 I
b1001 Z
b1010 =
b1010 M
b1010 T
b1101 @
b1101 H
b1101 J
b1100 ?
b1100 L
b10010000 #
b10010000 G
1)
#6245000
b10101100 0
b110010001 1
#6248500
0A
b11000 9
b11000 O
b1110 <
b1110 W
b1010 V
b1000 8
b1000 S
b1000 X
b10000 ;
b10000 N
b10000 P
b1111 :
b1111 R
b10010100 (
b10010100 4
b110010100 3
b10101111 2
1+
#6249500
0)
#6254500
05
b1011 >
b1011 I
b1011 =
b1011 M
b1011 T
b1101 @
b1101 H
b1101 J
b1101 ?
b1101 L
0B
b1001 7
b1001 [
b1000 Z
1"
b10010001 #
b10010001 G
1)
#6255000
b10101101 0
b110010010 1
0+
#6259500
0)
#6261500
b11001 9
b11001 O
b11000 8
b11000 S
b11000 X
b10001 ;
b10001 N
b10001 P
b10000 :
b10000 R
b1010 <
b1010 W
b1011 V
b10010101 (
b10010101 4
b110010101 3
b10110000 2
1+
#6264500
0B
b1001 >
b1001 I
b1110 @
b1110 H
b1110 J
15
0"
b1000 7
b1000 [
b11000 Z
1)
#6268000
0+
#6269500
0)
#6274500
b1000 >
b1000 I
b11011 9
b11011 O
b1001 =
b1001 M
b1001 T
b1111 @
b1111 H
b1111 J
b1110 ?
b1110 L
b11000 7
b11000 [
b10010010 #
b10010010 G
b1011 <
b1011 W
b11001 8
b11001 S
b11001 X
b10010 ;
b10010 N
b10010 P
b10001 :
b10001 R
b10010110 (
b10010110 4
b110010110 3
b10110001 2
1)
1+
#6275000
b10101110 0
b110010011 1
#6279500
0)
#6281000
0+
#6284500
1B
b11000 >
b11000 I
b11001 Z
b1000 =
b1000 M
b1000 T
b10000 @
b10000 H
b10000 J
b1111 ?
b1111 L
b10010011 #
b10010011 G
1)
#6285000
b10101111 0
b110010100 1
#6287500
b11010 9
b11010 O
b11011 8
b11011 S
b11011 X
b10011 ;
b10011 N
b10011 P
b10010 :
b10010 R
b1000 V
b10010111 (
b10010111 4
b110010111 3
b10110010 2
1+
#6289500
0)
#6294000
0+
#6294500
05
b11000 >
b11000 I
b11000 =
b11000 M
b11000 T
b10000 @
b10000 H
b10000 J
b10000 ?
b10000 L
0B
b11001 7
b11001 [
b11011 Z
1"
b10010100 #
b10010100 G
1)
#6295000
b10110000 0
b110010101 1
#6299500
0)
#6300500
b11110 9
b11110 O
b1000 <
b1000 W
b11000 V
b11010 8
b11010 S
b11010 X
b10100 ;
b10100 N
b10100 P
b10011 :
b10011 R
b10011000 (
b10011000 4
b110011000 3
b10110011 2
1+
#6304500
b11001 >
b11001 I
b10001 @
b10001 H
b10001 J
15
0"
b11011 7
b11011 [
b11010 Z
1)
#6307000
0+
#6309500
0)
#6313500
b11111 9
b11111 O
b11110 8
b11110 S
b11110 X
b10101 ;
b10101 N
b10101 P
b10100 :
b10100 R
b11000 <
b11000 W
b10011001 (
b10011001 4
b110011001 3
b10110100 2
1+
#6314500
0B
b11011 >
b11011 I
b11001 =
b11001 M
b11001 T
b10010 @
b10010 H
b10010 J
b10001 ?
b10001 L
b11010 7
b11010 [
b11110 Z
b10010101 #
b10010101 G
1)
#6315000
b10110001 0
b110010110 1
#6319500
0)
#6320000
0+
#6324500
b11010 >
b11010 I
b11110 7
b11110 [
b11011 =
b11011 M
b11011 T
b10011 @
b10011 H
b10011 J
b10010 ?
b10010 L
b10010110 #
b10010110 G
1)
#6325000
b10110010 0
b110010111 1
#6326500
b11101 9
b11101 O
b11011 V
b11111 8
b11111 S
b11111 X
b10110 ;
b10110 N
b10110 P
b10101 :
b10101 R
b10011010 (
b10011010 4
b110011010 3
b10110101 2
1+
#6329500
0)
#6333000
0+
#6334500
1B
b11110 >
b11110 I
b11010 =
b11010 M
b11010 T
b10100 @
b10100 H
b10100 J
b10011 ?
b10011 L
b11111 Z
b10010111 #
b10010111 G
1)
#6335000
b10110011 0
b110011000 1
#6339500
b11100 9
b11100 O
b11101 8
b11101 S
b11101 X
b10111 ;
b10111 N
b10111 P
b10110 :
b10110 R
b11011 <
b11011 W
b11010 V
b10011011 (
b10011011 4
b110011011 3
b10110110 2
0)
1+
#6344500
05
b11110 >
b11110 I
1"
0B
b11111 7
b11111 [
b11101 Z
b11110 =
b11110 M
b11110 T
b10100 @
b10100 H
b10100 J
b10100 ?
b10100 L
b10011000 #
b10011000 G
1)
#6345000
b10110100 0
b110011001 1
#6346000
0+
#6349500
0)
#6352500
b10100 9
b10100 O
b11010 <
b11010 W
b11110 V
b11100 8
b11100 S
b11100 X
b11000 ;
b11000 N
b11000 P
b10111 :
b10111 R
b10011100 (
b10011100 4
b110011100 3
b10110111 2
1+
#6354500
b11111 >
b11111 I
b10101 @
b10101 H
b10101 J
15
b11101 7
b11101 [
b11100 Z
0"
1)
#6359000
0+
#6359500
0)
#6364500
0B
b11101 >
b11101 I
b11100 7
b11100 [
b11111 =
b11111 M
b11111 T
b10110 @
b10110 H
b10110 J
b10101 ?
b10101 L
b10011001 #
b10011001 G
1)
#6365000
b10110101 0
b110011010 1
#6365500
b10101 9
b10101 O
b10100 8
b10100 S
b10100 X
b11001 ;
b11001 N
b11001 P
b11000 :
b11000 R
b11110 <
b11110 W
b11111 V
b10011101 (
b10011101 4
b110011101 3
b10111000 2
1+
#6369500
0)
#6372000
0+
#6374500
1B
b11100 >
b11100 I
b11101 =
b11101 M
b11101 T
b10111 @
b10111 H
b10111 J
b10110 ?
b10110 L
b10100 Z
b10011010 #
b10011010 G
1)
#6375000
b10110110 0
b110011011 1
#6378500
b10111 9
b10111 O
b11111 <
b11111 W
b11101 V
b10101 8
b10101 S
b10101 X
b11010 ;
b11010 N
b11010 P
b11001 :
b11001 R
b10011110 (
b10011110 4
b110011110 3
b10111001 2
1+
#6379500
0)
#6384500
05
b11100 >
b11100 I
1"
0B
b10100 7
b10100 [
b10101 Z
b11100 =
b11100 M
b11100 T
b10111 @
b10111 H
b10111 J
b10111 ?
b10111 L
b10011011 #
b10011011 G
1)
#6385000
b10110111 0
b110011100 1
0+
#6389500
0)
#6391500
b10110 9
b10110 O
b10111 8
b10111 S
b10111 X
b11011 ;
b11011 N
b11011 P
b11010 :
b11010 R
b11101 <
b11101 W
b11100 V
b10011111 (
b10011111 4
b110011111 3
b10111010 2
1+
#6394500
b10100 >
b10100 I
b11000 @
b11000 H
b11000 J
15
b10101 7
b10101 [
b10111 Z
0"
1)
#6398000
0+
#6399500
0)
#6404500
b10101 >
b10101 I
b10010 9
b10010 O
b10111 7
b10111 [
b10100 =
b10100 M
b10100 T
b11001 @
b11001 H
b11001 J
b11000 ?
b11000 L
b10011100 #
b10011100 G
b11100 <
b11100 W
b10110 8
b10110 S
b10110 X
b11100 ;
b11100 N
b11100 P
b11011 :
b11011 R
b10100000 (
b10100000 4
b110100000 3
b10111011 2
1)
1+
#6405000
b10111000 0
b110011101 1
#6409500
0)
#6411000
0+
#6414500
1B
b10111 >
b10111 I
b10101 =
b10101 M
b10101 T
b11010 @
b11010 H
b11010 J
b11001 ?
b11001 L
b10110 Z
b10011101 #
b10011101 G
1)
#6415000
b10111001 0
b110011110 1
#6417500
b10011 9
b10011 O
b10010 8
b10010 S
b10010 X
b11101 ;
b11101 N
b11101 P
b11100 :
b11100 R
b10101 V
b10100001 (
b10100001 4
b110100001 3
b10111100 2
1+
#6419500
0)
#6424000
0+
#6424500
05
b10111 >
b10111 I
1"
0B
b10110 7
b10110 [
b10010 Z
b10111 =
b10111 M
b10111 T
b11010 @
b11010 H
b11010 J
b11010 ?
b11010 L
b10011110 #
b10011110 G
1)
#6425000
b10111010 0
b110011111 1
#6429500
0)
#6430500
b10001 9
b10001 O
b10101 <
b10101 W
b10111 V
b10011 8
b10011 S
b10011 X
b11110 ;
b11110 N
b11110 P
b11101 :
b11101 R
b10100010 (
b10100010 4
b110100010 3
b10111101 2
1+
#6434500
b10110 >
b10110 I
b11011 @
b11011 H
b11011 J
15
b10010 7
b10010 [
b10011 Z
0"
1)
#6437000
0+
#6439500
0)
#6443500
b10000 9
b10000 O
b10001 8
b10001 S
b10001 X
b11111 ;
b11111 N
b11111 P
b11110 :
b11110 R
b10111 <
b10111 W
b10100011 (
b10100011 4
b110100011 3
b10111110 2
1+
#6444500
b10010 >
b10010 I
b10011 7
b10011 [
b10001 Z
b10110 =
b10110 M
b10110 T
b11100 @
b11100 H
b11100 J
b11011 ?
b11011 L
b10011111 #
b10011111 G
1)
#6445000
b10111011 0
b110100000 1
#6449500
0)
#6450000
0+
#6454500
b10011 >
b10011 I
b10010 =
b10010 M
b10010 T
b11101 @
b11101 H
b11101 J
b11100 ?
b11100 L
b10001 7
b10001 [
b10100000 #
b10100000 G
1)
#6455000
b10111100 0
b110100001 1
#6456500
0A
b0 9
b0 O
b10010 V
b10000 8
b10000 S
b10000 X
b0 ;
b0 N
b0 P
b11111 :
b11111 R
b10100100 (
b10100100 4
b110100100 3
b10111111 2
1+
#6459500
0)
#6463000
0+
#6464500
1B
b10001 >
b10001 I
b10000 Z
b10011 =
b10011 M
b10011 T
b11110 @
b11110 H
b11110 J
b11101 ?
b11101 L
b10100001 #
b10100001 G
1)
#6465000
b10111101 0
b110100010 1
#6469500
b1 9
b1 O
b0 8
b0 S
b0 X
b1 ;
b1 N
b1 P
b0 :
b0 R
b10010 <
b10010 W
b10011 V
b10100101 (
b10100101 4
b110100101 3
b11000000 2
0)
1+
#6474500
05
b10001 >
b10001 I
b10001 =
b10001 M
b10001 T
b11110 @
b11110 H
b11110 J
b11110 ?
b11110 L
0B
b10000 7
b10000 [
b0 Z
1"
b10100010 #
b10100010 G
1)
#6475000
b10111110 0
b110100011 1
#6476000
0+
#6479500
0)
#6482500
b11 9
b11 O
b10011 <
b10011 W
b10001 V
b1 8
b1 S
b1 X
b10 ;
b10 N
b10 P
b1 :
b1 R
b10100110 (
b10100110 4
b110100110 3
b11000001 2
1+
#6484500
b10000 >
b10000 I
b11111 @
b11111 H
b11111 J
15
0"
b0 7
b0 [
b1 Z
1)
#6489000
0+
#6489500
0)
#6494500
b0 >
b0 I
b10000 =
b10000 M
b10000 T
b0 @
b0 H
b0 J
b11111 ?
b11111 L
b1 7
b1 [
b10100011 #
b10100011 G
1)
#6495000
b10111111 0
b110100100 1
#6495500
b10 9
b10 O
b11 8
b11 S
b11 X
b11 ;
b11 N
b11 P
b10 :
b10 R
b10001 <
b10001 W
b10000 V
b10100111 (
b10100111 4
b110100111 3
b11000010 2
1+
#6499500
0)
#6502000
0+
#6504500
1B
b1 >
b1 I
b11 Z
b0 =
b0 M
b0 T
b1 @
b1 H
b1 J
b0 ?
b0 L
b10100100 #
b10100100 G
1)
#6505000
b11000000 0
b110100101 1
#6508500
b110 9
b110 O
b10000 <
b10000 W
b0 V
b10 8
b10 S
b10 X
b100 ;
b100 N
b100 P
b11 :
b11 R
b10101000 (
b10101000 4
b110101000 3
b11000011 2
1+
#6509500
0)
#6514500
05
b1 >
b1 I
b1 =
b1 M
b1 T
b1 @
b1 H
b1 J
b1 ?
b1 L
0B
b11 7
b11 [
b10 Z
1"
b10100101 #
b10100101 G
1)
#6515000
b11000001 0
b110100110 1
0+
#6519500
0)
#6521500
b111 9
b111 O
b110 8
b110 S
b110 X
b101 ;
b101 N
b101 P
b100 :
b100 R
b0 <
b0 W
b1 V
b10101001 (
b10101001 4
b110101001 3
b11000100 2
1+
#6524500
0B
b11 >
b11 I
b10 @
b10 H
b10 J
15
0"
b10 7
b10 [
b110 Z
1)
#6528000
0+
#6529500
0)
#6534500
b10 >
b10 I
b101 9
b101 O
b11 =
b11 M
b11 T
b11 @
b11 H
b11 J
b10 ?
b10 L
b110 7
b110 [
b10100110 #
b10100110 G
b1 <
b1 W
b111 8
b111 S
b111 X
b110 ;
b110 N
b110 P
b101 :
b101 R
b10101010 (
b10101010 4
b110101010 3
b11000101 2
1)
1+
#6535000
b11000010 0
b110100111 1
#6539500
0)
#6541000
0+
#6544500
1B
b110 >
b110 I
b111 Z
b10 =
b10 M
b10 T
b100 @
b100 H
b100 J
b11 ?
b11 L
b10100111 #
b10100111 G
1)
#6545000
b11000011 0
b110101000 1
#6547500
b100 9
b100 O
b101 8
b101 S
b101 X
b111 ;
b111 N
b111 P
b110 :
b110 R
b10 V
b10101011 (
b10101011 4
b110101011 3
b11000110 2
1+
#6549500
0)
#6554000
0+
#6554500
05
b110 >
b110 I
b110 =
b110 M
b110 T
b100 @
b100 H
b100 J
b100 ?
b100 L
0B
b111 7
b111 [
b101 Z
1"
b10101000 #
b10101000 G
1)
#6555000
b11000100 0
b110101001 1
#6559500
0)
#6560500
b1100 9
b1100 O
b10 <
b10 W
b110 V
b100 8
b100 S
b100 X
b1000 ;
b1000 N
b1000 P
b111 :
b111 R
b10101100 (
b10101100 4
b110101100 3
b11000111 2
1+
#6564500
b111 >
b111 I
b101 @
b101 H
b101 J
15
0"
b101 7
b101 [
b100 Z
1)
#6567000
0+
#6569500
0)
#6573500
b1101 9
b1101 O
b1100 8
b1100 S
b1100 X
b1001 ;
b1001 N
b1001 P
b1000 :
b1000 R
b110 <
b110 W
b10101101 (
b10101101 4
b110101101 3
b11001000 2
1+
#6574500
0B
b101 >
b101 I
b111 =
b111 M
b111 T
b110 @
b110 H
b110 J
b101 ?
b101 L
b100 7
b100 [
b1100 Z
b10101001 #
b10101001 G
1)
#6575000
b11000101 0
b110101010 1
#6579500
0)
#6580000
0+
#6584500
b100 >
b100 I
b1100 7
b1100 [
b101 =
b101 M
b101 T
b111 @
b111 H
b111 J
b110 ?
b110 L
b10101010 #
b10101010 G
1)
#6585000
b11000110 0
b110101011 1
#6586500
b1111 9
b1111 O
b101 V
b1101 8
b1101 S
b1101 X
b1010 ;
b1010 N
b1010 P
b1001 :
b1001 R
b10101110 (
b10101110 4
b110101110 3
b11001001 2
1+
#6589500
0)
#6593000
0+
#6594500
1B
b1100 >
b1100 I
b100 =
b100 M
b100 T
b1000 @
b1000 H
b1000 J
b111 ?
b111 L
b1101 Z
b10101011 #
b10101011 G
1)
#6595000
b11000111 0
b110101100 1
#6599500
b1110 9
b1110 O
b1111 8
b1111 S
b1111 X
b1011 ;
b1011 N
b1011 P
b1010 :
b1010 R
b101 <
b101 W
b100 V
b10101111 (
b10101111 4
b110101111 3
b11001010 2
0)
1+
#6604500
05
b1100 >
b1100 I
1"
0B
b1101 7
b1101 [
b1111 Z
b1100 =
b1100 M
b1100 T
b1000 @
b1000 H
b1000 J
b1000 ?
b1000 L
b10101100 #
b10101100 G
1)
#6605000
b11001000 0
b110101101 1
#6606000
b1111 9
b1111 O
b1010 ;
b1010 N
b1010 P
06
0,
0+
#6609500
0)
#6612500
b100 <
b100 W
b1100 V
1+
#6614500
b1101 >
b1101 I
b1001 @
b1001 H
b1001 J
15
b1111 7
b1111 [
0"
1)
#6619000
0+
#6619500
0)
#6624500
1B
b1111 >
b1111 I
b1101 =
b1101 M
b1101 T
b1010 @
b1010 H
b1010 J
b1001 ?
b1001 L
b10101101 #
b10101101 G
1)
#6625000
b11001001 0
b110101110 1
#6625500
b1100 <
b1100 W
b1101 V
1+
#6629500
0)
#6632000
0+
#6634500
05
1B
b1111 >
b1111 I
b1111 =
b1111 M
b1111 T
b1010 @
b1010 H
b1010 J
b1010 ?
b1010 L
1"
b10101110 #
b10101110 G
1)
#6635000
b11001010 0
b110101111 1
#6638500
b1101 <
b1101 W
b1111 V
1+
#6639500
0)
#6644500
1)
#6645000
0+
#6649500
0)
#6651500
b1111 <
b1111 W
1+
#6654500
1)
#6658000
0+
#6659500
0)
#6664500
1)
1+
#6669500
0)
#6671000
0+
#6674500
1)
#6677500
1+
#6679500
0)
#6684000
0+
#6684500
1)
#6689500
0)
#6690500
1+
#6694500
1)
#6697000
0+
#6699500
0)
#6703500
1+
#6704500
1)
#6709500
0)
#6710000
0+
#6714500
1)
#6716500
1+
#6719500
0)
#6723000
0+
#6724500
1)
#6729500
0)
1+
#6734500
1)
#6736000
0+
#6739500
0)
#6742500
1+
#6744500
1)
#6749000
0+
#6749500
0)
#6754500
1)
#6755500
1+
#6759500
0)
#6762000
0+
#6764500
1)
#6768500
1+
#6769500
0)
#6774500
1)
#6775000
0+
#6779500
0)
#6781500
1+
#6784500
1)
#6788000
0+
#6789500
0)
#6794500
1)
1+
#6799500
0)
#6801000
0+
#6804500
1)
#6807500
1+
#6809500
0*
0)
#6814000
0+
#6814500
1)
#6819500
0)
#6820500
1+
#6824500
1)
#6827000
0+
#6829500
0)
#6833500
1+
#6834500
1)
#6839500
0)
#6840000
0+
#6844500
1)
#6846500
1+
#6849500
0)
#6853000
0+
#6854500
1)
#6859500
0)
1+
#6864500
1)
#6866000
0+
#6869500
0)
#6872500
1+
#6874500
1)
#6879000
0+
#6879500
0)
#6884500
1)
#6885500
1+
#6889500
0)
#6892000
0+
#6894500
1)
#6898500
1+
#6899500
0)
#6904500
1)
#6905000
0+
#6909500
0)
#6911500
1+
#6914500
1)
#6918000
0+
#6919500
0)
#6924500
1)
1+
#6929500
0)
#6931000
0+
#6934500
1)
#6937500
1+
#6939500
0)
#6944000
0+
#6944500
1)
#6949500
0)
#6950500
1+
#6954500
1)
#6957000
0+
#6959500
0)
#6963500
1+
#6964500
1)
#6969500
0)
#6970000
0+
#6974500
1)
#6976500
1+
#6979500
0)
#6983000
0+
#6984500
1)
#6989500
0)
1+
#6994500
1)
#6996000
0+
#6999500
0)
#7002500
1+
#7004500
1)
#7009000
0+
#7009500
0)
